"RK",TIERS,"PLAYER NAME",TEAM,"POS","BYE WEEK","SOS SEASON","ECR VS. ADP"
"1",1,"Jonathan Taylor",IND,"RB1","14","3 out of 5 stars","0"
"2",1,"Christian McCaffrey",CAR,"RB2","13","3 out of 5 stars","0"
"3",1,"Austin Ekeler",LAC,"RB3","8","2 out of 5 stars","0"
"4",1,"Justin Jefferson",MIN,"WR1","7","2 out of 5 stars","+3"
"5",1,"Dalvin Cook",MIN,"RB4","7","4 out of 5 stars","+1"
"6",1,"Cooper Kupp",LAR,"WR2","7","2 out of 5 stars","-1"
"7",1,"Derrick Henry",TEN,"RB5","6","4 out of 5 stars","-3"
"8",2,"Ja'Marr Chase",CIN,"WR3","10","3 out of 5 stars","+1"
"9",2,"Joe Mixon",CIN,"RB6","10","3 out of 5 stars","+1"
"10",2,"Najee Harris",PIT,"RB7","9","3 out of 5 stars","-2"
"11",2,"Stefon Diggs",BUF,"WR4","7","4 out of 5 stars","+1"
"12",2,"D'Andre Swift",DET,"RB8","6","4 out of 5 stars","+1"
"13",2,"Travis Kelce",KC,"TE1","8","3 out of 5 stars","+1"
"14",2,"Alvin Kamara",NO,"RB9","14","3 out of 5 stars","+4"
"15",2,"Davante Adams",LV,"WR5","6","2 out of 5 stars","-4"
"16",2,"Saquon Barkley",NYG,"RB10","9","3 out of 5 stars","+3"
"17",2,"CeeDee Lamb",DAL,"WR6","9","3 out of 5 stars","-1"
"18",2,"Aaron Jones",GB,"RB11","14","3 out of 5 stars","-3"
"19",2,"Leonard Fournette",TB,"RB12","11","2 out of 5 stars","+3"
"20",3,"Nick Chubb",CLE,"RB13","9","3 out of 5 stars","-3"
"21",3,"Mark Andrews",BAL,"TE2","10","2 out of 5 stars","+5"
"22",3,"Deebo Samuel",SF,"WR7","9","3 out of 5 stars","+2"
"23",3,"Javonte Williams",DEN,"RB14","9","3 out of 5 stars","0"
"24",3,"Mike Evans",TB,"WR8","11","4 out of 5 stars","+1"
"25",3,"Tyreek Hill",MIA,"WR9","11","2 out of 5 stars","-4"
"26",3,"A.J. Brown",PHI,"WR10","7","4 out of 5 stars","+3"
"27",3,"Michael Pittman Jr.",IND,"WR11","14","4 out of 5 stars","+4"
"28",3,"Tee Higgins",CIN,"WR12","10","3 out of 5 stars","+4"
"29",3,"James Conner",ARI,"RB15","13","2 out of 5 stars","-1"
"30",3,"Keenan Allen",LAC,"WR13","8","3 out of 5 stars","0"
"31",3,"Ezekiel Elliott",DAL,"RB16","9","4 out of 5 stars","-4"
"32",3,"DJ Moore",CAR,"WR14","13","3 out of 5 stars","+5"
"33",3,"Kyle Pitts",ATL,"TE3","14","2 out of 5 stars","0"
"34",3,"Josh Allen",BUF,"QB1","7","3 out of 5 stars","-14"
"35",3,"Travis Etienne Jr.",JAC,"RB17","11","3 out of 5 stars","+8"
"36",4,"Courtland Sutton",DEN,"WR15","9","4 out of 5 stars","+9"
"37",4,"Mike Williams",LAC,"WR16","8","3 out of 5 stars","+4"
"38",4,"David Montgomery",CHI,"RB18","14","5 out of 5 stars","+2"
"39",4,"Diontae Johnson",PIT,"WR17","9","4 out of 5 stars","+8"
"40",4,"Breece Hall",NYJ,"RB19","10","4 out of 5 stars","-2"
"41",4,"Terry McLaurin",WAS,"WR18","14","4 out of 5 stars","+1"
"42",4,"Justin Herbert",LAC,"QB2","8","3 out of 5 stars","-7"
"43",4,"Jaylen Waddle",MIA,"WR19","11","2 out of 5 stars","+6"
"44",4,"Cam Akers",LAR,"RB20","7","2 out of 5 stars","-8"
"45",4,"Brandin Cooks",HOU,"WR20","6","3 out of 5 stars","+16"
"46",4,"AJ Dillon",GB,"RB21","14","3 out of 5 stars","+9"
"47",4,"Elijah Mitchell",SF,"RB22","9","2 out of 5 stars","-1"
"48",4,"Patrick Mahomes II",KC,"QB3","8","2 out of 5 stars","-14"
"49",4,"Allen Robinson II",LAR,"WR21","7","2 out of 5 stars","+2"
"50",4,"George Kittle",SF,"TE4","9","4 out of 5 stars","-11"
"51",4,"DK Metcalf",SEA,"WR22","11","4 out of 5 stars","+1"
"52",4,"Lamar Jackson",BAL,"QB4","10","2 out of 5 stars","-8"
"53",4,"Josh Jacobs",LV,"RB23","6","2 out of 5 stars","-3"
"54",4,"J.K. Dobbins",BAL,"RB24","10","4 out of 5 stars","-1"
"55",4,"Darren Waller",LV,"TE5","6","2 out of 5 stars","-7"
"56",4,"Marquise Brown",ARI,"WR23","13","2 out of 5 stars","+9"
"57",4,"Darnell Mooney",CHI,"WR24","14","3 out of 5 stars","+23"
"58",5,"Antonio Gibson",WAS,"RB25","14","4 out of 5 stars","+1"
"59",5,"Gabriel Davis",BUF,"WR25","7","4 out of 5 stars","+7"
"60",5,"Chase Edmonds",MIA,"RB26","11","4 out of 5 stars","+15"
"61",5,"Kyler Murray",ARI,"QB5","13","2 out of 5 stars","-4"
"62",5,"Jerry Jeudy",DEN,"WR26","9","4 out of 5 stars","-4"
"63",5,"Jalen Hurts",PHI,"QB6","7","4 out of 5 stars","-3"
"64",5,"Dameon Pierce",HOU,"RB27","6","3 out of 5 stars","+25"
"65",5,"Rashod Bateman",BAL,"WR27","10","3 out of 5 stars","+13"
"66",5,"Michael Thomas",NO,"WR28","14","4 out of 5 stars","+4"
"67",5,"Chris Godwin",TB,"WR29","11","4 out of 5 stars","+10"
"68",5,"Dalton Schultz",DAL,"TE6","9","3 out of 5 stars","-12"
"69",5,"Amon-Ra St. Brown",DET,"WR30","6","3 out of 5 stars","-6"
"70",5,"Clyde Edwards-Helaire",KC,"RB28","8","3 out of 5 stars","-6"
"71",5,"Damien Harris",NE,"RB29","10","4 out of 5 stars","0"
"72",5,"JuJu Smith-Schuster",KC,"WR31","8","2 out of 5 stars","-10"
"73",5,"Rashaad Penny",SEA,"RB30","11","2 out of 5 stars","+10"
"74",5,"Elijah Moore",NYJ,"WR32","10","1 out of 5 stars","+19"
"75",5,"Amari Cooper",CLE,"WR33","9","4 out of 5 stars","-1"
"76",5,"Rhamondre Stevenson",NE,"RB31","10","4 out of 5 stars","+16"
"77",5,"Joe Burrow",CIN,"QB7","10","2 out of 5 stars","-23"
"78",5,"Kareem Hunt",CLE,"RB32","9","3 out of 5 stars","+8"
"79",5,"Tony Pollard",DAL,"RB33","9","4 out of 5 stars","+6"
"80",5,"Miles Sanders",PHI,"RB34","7","3 out of 5 stars","-4"
"81",5,"Dallas Goedert",PHI,"TE7","7","2 out of 5 stars","-12"
"82",5,"Adam Thielen",MIN,"WR34","7","2 out of 5 stars","-10"
"83",5,"Tom Brady",TB,"QB8","11","3 out of 5 stars","-15"
"84",5,"Devin Singletary",BUF,"RB35","7","4 out of 5 stars","-5"
"85",5,"Russell Wilson",DEN,"QB9","9","4 out of 5 stars","-12"
"86",5,"T.J. Hockenson",DET,"TE8","6","4 out of 5 stars","-19"
"87",5,"Cordarrelle Patterson",ATL,"RB36","14","1 out of 5 stars","+1"
"88",5,"Brandon Aiyuk",SF,"WR35","9","3 out of 5 stars","+9"
"89",6,"Dak Prescott",DAL,"QB10","9","3 out of 5 stars","-5"
"90",6,"DeVonta Smith",PHI,"WR36","7","4 out of 5 stars","+6"
"91",6,"Melvin Gordon III",DEN,"RB37","9","3 out of 5 stars","+10"
"92",6,"Drake London",ATL,"WR37","14","4 out of 5 stars","+13"
"93",6,"Allen Lazard",GB,"WR38","14","3 out of 5 stars","+6"
"94",6,"Hunter Renfrow",LV,"WR39","6","2 out of 5 stars","-7"
"95",6,"Christian Kirk",JAC,"WR40","11","4 out of 5 stars","+12"
"96",6,"Trey Lance",SF,"QB11","9","3 out of 5 stars","+4"
"97",6,"Zach Ertz",ARI,"TE9","13","3 out of 5 stars","-2"
"98",6,"Tyler Lockett",SEA,"WR41","11","4 out of 5 stars","+10"
"99",6,"Matthew Stafford",LAR,"QB12","7","3 out of 5 stars","+4"
"100",6,"Aaron Rodgers",GB,"QB13","14","2 out of 5 stars","-10"
"101",6,"Robert Woods",TEN,"WR42","6","3 out of 5 stars","+11"
"102",6,"DeAndre Hopkins",ARI,"WR43","13","2 out of 5 stars","-11"
"103",6,"Dawson Knox",BUF,"TE10","7","3 out of 5 stars","-22"
"104",6,"Darrell Henderson Jr.",LAR,"RB38","7","2 out of 5 stars","+16"
"105",6,"Michael Carter",NYJ,"RB39","10","4 out of 5 stars","+13"
"106",6,"Ken Walker III",SEA,"RB40","11","2 out of 5 stars","-8"
"107",6,"James Cook",BUF,"RB41","7","4 out of 5 stars","+2"
"108",6,"Kadarius Toney",NYG,"WR44","9","4 out of 5 stars","+13"
"109",6,"Cole Kmet",CHI,"TE11","14","5 out of 5 stars","+8"
"110",6,"Kirk Cousins",MIN,"QB14","7","3 out of 5 stars","+17"
"111",6,"Chris Olave",NO,"WR45","14","4 out of 5 stars","+3"
"112",6,"Derek Carr",LV,"QB15","6","2 out of 5 stars","+1"
"113",6,"Pat Freiermuth",PIT,"TE12","9","4 out of 5 stars","-2"
"114",6,"Nyheim Hines",IND,"RB42","14","3 out of 5 stars","+18"
"115",6,"James Robinson",JAC,"RB43","11","3 out of 5 stars","+4"
"116",6,"Treylon Burks",TEN,"WR46","6","3 out of 5 stars","+23"
"117",6,"Chase Claypool",PIT,"WR47","9","4 out of 5 stars","+12"
"118",6,"Kenneth Gainwell",PHI,"RB44","7","3 out of 5 stars","+35"
"119",6,"Alexander Mattison",MIN,"RB45","7","4 out of 5 stars","+7"
"120",6,"Tyler Boyd",CIN,"WR48","10","3 out of 5 stars","+26"
"121",7,"Garrett Wilson",NYJ,"WR49","10","1 out of 5 stars","+17"
"122",7,"Jakobi Meyers",NE,"WR50","10","4 out of 5 stars","+74"
"123",7,"Russell Gage",TB,"WR51","11","4 out of 5 stars","+21"
"124",7,"Skyy Moore",KC,"WR52","8","2 out of 5 stars","+16"
"125",7,"Tua Tagovailoa",MIA,"QB16","11","2 out of 5 stars","+23"
"126",7,"J.D. McKissic",WAS,"RB46","14","4 out of 5 stars","+68"
"127",7,"Justin Fields",CHI,"QB17","14","4 out of 5 stars","+34"
"128",7,"Raheem Mostert",MIA,"RB47","11","4 out of 5 stars","+21"
"129",7,"Khalil Herbert",CHI,"RB48","14","5 out of 5 stars","+33"
"130",7,"Hunter Henry",NE,"TE13","10","4 out of 5 stars","+11"
"131",7,"George Pickens",PIT,"WR53","9","4 out of 5 stars","-6"
"132",7,"Jamaal Williams",DET,"RB49","6","4 out of 5 stars","+41"
"133",7,"Marquez Valdes-Scantling",KC,"WR54","8","2 out of 5 stars","+9"
"134",7,"Irv Smith Jr.",MIN,"TE14","7","3 out of 5 stars","+71"
"135",7,"Trevor Lawrence",JAC,"QB18","11","5 out of 5 stars","+40"
"136",7,"Albert Okwuegbunam",DEN,"TE15","9","3 out of 5 stars","+1"
"137",7,"DeVante Parker",NE,"WR55","10","4 out of 5 stars","+18"
"138",7,"Mike Gesicki",MIA,"TE16","11","3 out of 5 stars","-10"
"139",7,"Michael Gallup",DAL,"WR56","9","3 out of 5 stars","+30"
"140",7,"Jarvis Landry",NO,"WR57","14","4 out of 5 stars","+5"
"141",7,"Rondale Moore",ARI,"WR58","13","2 out of 5 stars","+33"
"142",7,"David Njoku",CLE,"TE17","9","4 out of 5 stars","+17"
"143",7,"DJ Chark Jr.",DET,"WR59","6","3 out of 5 stars","+42"
"144",7,"Tyler Allgeier",ATL,"RB50","14","1 out of 5 stars","+12"
"145",7,"Rachaad White",TB,"RB51","11","2 out of 5 stars","+9"
"146",7,"Jahan Dotson",WAS,"WR60","14","4 out of 5 stars","+17"
"147",7,"Julio Jones",TB,"WR61","11","4 out of 5 stars","-16"
"148",7,"Jameis Winston",NO,"QB19","14","3 out of 5 stars","+34"
"149",7,"Noah Fant",SEA,"TE18","11","2 out of 5 stars","+60"
"150",7,"Gerald Everett",LAC,"TE19","8","4 out of 5 stars","+68"
"151",7,"Matt Ryan",IND,"QB20","14","3 out of 5 stars","+51"
"152",7,"Robert Tonyan",GB,"TE20","14","1 out of 5 stars","+49"
"153",7,"Nico Collins",HOU,"WR62","6","3 out of 5 stars","+57"
"154",7,"Tyler Higbee",LAR,"TE21","7","3 out of 5 stars","+11"
"155",7,"Kenny Golladay",NYG,"WR63","9","4 out of 5 stars","+16"
"156",7,"Ryan Tannehill",TEN,"QB21","6","4 out of 5 stars","+42"
"157",7,"Evan Engram",JAC,"TE22","11","4 out of 5 stars","+64"
"158",8,"Zamir White",LV,"RB52","6","2 out of 5 stars","+12"
"159",8,"Joshua Palmer",LAC,"WR64","8","3 out of 5 stars","+27"
"160",8,"Austin Hooper",TEN,"TE23","6","5 out of 5 stars","+62"
"161",8,"Buffalo Bills",BUF,"DST1","7","4 out of 5 stars","-79"
"162",8,"Mark Ingram II",NO,"RB53","14","3 out of 5 stars","-5"
"163",8,"Isaiah Spiller",LAC,"RB54","8","2 out of 5 stars","-16"
"164",8,"Robbie Anderson",CAR,"WR65","13","3 out of 5 stars","+74"
"165",8,"K.J. Osborn",MIN,"WR66","7","2 out of 5 stars","+55"
"166",8,"Tampa Bay Buccaneers",TB,"DST2","11","4 out of 5 stars","-72"
"167",8,"Corey Davis",NYJ,"WR67","10","1 out of 5 stars","-"
"168",8,"Daniel Jones",NYG,"QB22","9","5 out of 5 stars","+73"
"169",8,"San Francisco 49ers",SF,"DST3","9","4 out of 5 stars","-67"
"170",8,"Mecole Hardman",KC,"WR68","8","2 out of 5 stars","-6"
"171",8,"Mac Jones",NE,"QB23","10","4 out of 5 stars","-3"
"172",8,"Van Jefferson",LAR,"WR69","7","2 out of 5 stars","+68"
"173",8,"Indianapolis Colts",IND,"DST4","14","3 out of 5 stars","-51"
"174",8,"Wan'Dale Robinson",NYG,"WR70","9","4 out of 5 stars","+49"
"175",8,"Hayden Hurst",CIN,"TE24","10","2 out of 5 stars","+12"
"176",8,"Logan Thomas",WAS,"TE25","14","4 out of 5 stars","+60"
"177",8,"Marvin Jones Jr.",JAC,"WR71","11","4 out of 5 stars","+58"
"178",8,"Jameson Williams",DET,"WR72","6","3 out of 5 stars","+29"
"179",8,"Justin Tucker",BAL,"K1","10","3 out of 5 stars","-75"
"180",8,"Isiah Pacheco",KC,"RB55","8","3 out of 5 stars","-29"
"181",8,"New Orleans Saints",NO,"DST5","14","3 out of 5 stars","-48"
"182",8,"Denver Broncos",DEN,"DST6","9","3 out of 5 stars","-47"
"183",8,"Carson Wentz",WAS,"QB24","14","4 out of 5 stars","+8"
"184",8,"Darrel Williams",ARI,"RB56","13","2 out of 5 stars","+24"
"185",8,"Brian Robinson Jr.",WAS,"RB57","14","4 out of 5 stars","-55"
"186",8,"D'Onta Foreman",CAR,"RB58","13","3 out of 5 stars","+17"
"187",8,"Jalen Tolbert",DAL,"WR73","9","3 out of 5 stars","-4"
"188",8,"Christian Watson",GB,"WR74","14","3 out of 5 stars","-9"
"189",8,"Los Angeles Rams",LAR,"DST7","7","3 out of 5 stars","-83"
"190",8,"Jared Goff",DET,"QB25","6","3 out of 5 stars","+23"
"191",8,"New England Patriots",NE,"DST8","10","3 out of 5 stars","-3"
"192",8,"Isaiah McKenzie",BUF,"WR75","7","4 out of 5 stars","+5"
"193",8,"Gus Edwards",BAL,"RB59","10","4 out of 5 stars","+35"
"194",8,"KJ Hamler",DEN,"WR76","9","4 out of 5 stars","+40"
"195",8,"Tyler Bass",BUF,"K2","7","4 out of 5 stars","-79"
"196",8,"Alec Pierce",IND,"WR77","14","4 out of 5 stars","+28"
"197",8,"Romeo Doubs",GB,"WR78","14","3 out of 5 stars","-37"
"198",8,"Boston Scott",PHI,"RB60","7","3 out of 5 stars","-"
"199",8,"Baker Mayfield",CAR,"QB26","13","3 out of 5 stars","-32"
"200",8,"Matt Gay",LAR,"K3","7","2 out of 5 stars","-77"
"201",8,"Parris Campbell",IND,"WR79","14","4 out of 5 stars","+57"
"202",8,"Donovan Peoples-Jones",CLE,"WR80","9","4 out of 5 stars","+54"
"203",8,"Los Angeles Chargers",LAC,"DST9","8","4 out of 5 stars","-13"
"204",8,"Dallas Cowboys",DAL,"DST10","9","2 out of 5 stars","-70"
"205",8,"Zach Wilson",NYJ,"QB27","10","1 out of 5 stars","+54"
"206",8,"Jeff Wilson Jr.",SF,"RB61","9","2 out of 5 stars","+24"
"207",8,"Evan McPherson",CIN,"K4","10","0 out of 5 stars","-97"
"208",8,"Brevin Jordan",HOU,"TE26","6","3 out of 5 stars","-"
"209",8,"Curtis Samuel",WAS,"WR81","14","4 out of 5 stars","+48"
"210",8,"Daniel Carlson",LV,"K5","6","2 out of 5 stars","-95"
"211",8,"Green Bay Packers",GB,"DST11","14","3 out of 5 stars","-75"
"212",9,"Ronald Jones II",KC,"RB62","8","3 out of 5 stars","-69"
"213",9,"Miami Dolphins",MIA,"DST12","11","3 out of 5 stars","+26"
"214",9,"Jamison Crowder",BUF,"WR82","7","4 out of 5 stars","+46"
"215",9,"David Bell",CLE,"WR83","9","4 out of 5 stars","+40"
"216",9,"Kendrick Bourne",NE,"WR84","10","4 out of 5 stars","-"
"217",9,"Sterling Shepard",NYG,"WR85","9","4 out of 5 stars","-"
"218",9,"Davis Mills",HOU,"QB28","6","4 out of 5 stars","-"
"219",9,"Sony Michel",LAC,"RB63","8","2 out of 5 stars","-15"
"220",9,"Ryan Succop",TB,"K6","11","1 out of 5 stars","-6"
"221",9,"Harrison Butker",KC,"K7","8","5 out of 5 stars","-97"
"222",9,"A.J. Green",ARI,"WR86","13","2 out of 5 stars","+29"
"223",9,"Mo Alie-Cox",IND,"TE27","14","2 out of 5 stars","-"
"224",9,"Kansas City Chiefs",KC,"DST13","8","3 out of 5 stars","+25"
"225",9,"Samaje Perine",CIN,"RB64","10","3 out of 5 stars","+21"
"226",9,"Tyrion Davis-Price",SF,"RB65","9","2 out of 5 stars","-1"
"227",9,"Jerick McKinnon",KC,"RB66","8","3 out of 5 stars","+16"
"228",9,"Cleveland Browns",CLE,"DST14","9","4 out of 5 stars","-12"
"229",9,"Baltimore Ravens",BAL,"DST15","10","4 out of 5 stars","-79"
"230",9,"Matt Prater",ARI,"K8","13","2 out of 5 stars","-54"
"231",9,"Kenyan Drake",BAL,"RB67","10","4 out of 5 stars","+16"
"232",9,"Philadelphia Eagles",PHI,"DST16","7","2 out of 5 stars","-5"
"233",9,"Rex Burkhead",HOU,"RB68","6","3 out of 5 stars","-"
"234",9,"Mike Davis",BAL,"RB69","10","4 out of 5 stars","-22"
"235",9,"Pittsburgh Steelers",PIT,"DST17","9","5 out of 5 stars","-20"
"236",9,"D'Ernest Johnson",CLE,"RB70","9","3 out of 5 stars","-"
"237",9,"Zay Jones",JAC,"WR87","11","4 out of 5 stars","-5"
"238",9,"Damien Williams",ATL,"RB71","14","1 out of 5 stars","-"
"239",9,"Chuba Hubbard",CAR,"RB72","13","3 out of 5 stars","-20"
"240",9,"Marcus Mariota",ATL,"QB29","14","3 out of 5 stars","-"
"241",9,"Jonnu Smith",NE,"TE28","10","4 out of 5 stars","-"
"242",9,"Laviska Shenault Jr.",CAR,"WR88","13","3 out of 5 stars","-"
"243",9,"Rodrigo Blankenship",IND,"K9","14","4 out of 5 stars","-43"
"244",9,"Jason Sanders",MIA,"K10","11","1 out of 5 stars","-7"
"245",9,"Younghoe Koo",ATL,"K11","14","1 out of 5 stars","-93"
"246",9,"Nick Folk",NE,"K12","10","5 out of 5 stars","-74"
"247",9,"Brandon McManus",DEN,"K13","9","4 out of 5 stars","-48"
"248",9,"Byron Pringle",CHI,"WR89","14","3 out of 5 stars","-"
"249",9,"Robbie Gould",SF,"K14","9","3 out of 5 stars","-72"
"250",9,"Arizona Cardinals",ARI,"DST18","13","3 out of 5 stars","-"
"251",9,"Terrace Marshall Jr.",CAR,"WR90","13","3 out of 5 stars","-"
"252",9,"Sammy Watkins",GB,"WR91","14","3 out of 5 stars","-72"
"253",9,"Eno Benjamin",ARI,"RB73","13","2 out of 5 stars","-20"
"254",9,"Jake Elliott",PHI,"K15","7","2 out of 5 stars","-9"
"255",9,"Braxton Berrios",NYJ,"WR92","10","1 out of 5 stars","-"
"256",9,"Cincinnati Bengals",CIN,"DST19","10","4 out of 5 stars","-4"
"257",9,"Tennessee Titans",TEN,"DST20","6","2 out of 5 stars","-26"
"258",9,"Zack Moss",BUF,"RB74","7","4 out of 5 stars","-"
"259",9,"Dustin Hopkins",LAC,"K16","8","5 out of 5 stars","-11"
"260",9,"Bryan Edwards",ATL,"WR93","14","4 out of 5 stars","-"
"261",9,"Randall Cobb",GB,"WR94","14","3 out of 5 stars","-11"
"262",9,"Carolina Panthers",CAR,"DST21","13","4 out of 5 stars","-"
"263",9,"Minnesota Vikings",MIN,"DST22","7","2 out of 5 stars","-9"
"264",9,"Nelson Agholor",NE,"WR95","10","4 out of 5 stars","-"
"265",9,"Cameron Brate",TB,"TE29","11","3 out of 5 stars","-72"
"266",9,"Adam Trautman",NO,"TE30","14","4 out of 5 stars","-"
"267",9,"Wil Lutz",NO,"K17","14","4 out of 5 stars","-50"
"268",9,"Chris Boswell",PIT,"K18","9","3 out of 5 stars","-57"
"269",9,"Mitch Trubisky",PIT,"QB30","9","3 out of 5 stars","-"
"270",9,"Deshaun Watson",CLE,"QB31","9","4 out of 5 stars","-92"
"271",9,"Greg Zuerlein",NYJ,"K19","10","0 out of 5 stars","-65"
"272",10,"Cedrick Wilson Jr.",MIA,"WR96","11","2 out of 5 stars","-"
"273",10,"Myles Gaskin",MIA,"RB75","11","4 out of 5 stars","-"
"274",10,"Mason Crosby",GB,"K20","14","4 out of 5 stars","-"
"275",10,"Matt Breida",NYG,"RB76","9","3 out of 5 stars","-"
"276",10,"Marlon Mack",HOU,"RB77","6","3 out of 5 stars","-118"
"277",10,"Greg Joseph",MIN,"K21","7","0 out of 5 stars","-82"
"278",10,"C.J. Uzomah",NYJ,"TE31","10","3 out of 5 stars","-"
"279",10,"Chicago Bears",CHI,"DST23","14","1 out of 5 stars","-90"
"280",10,"Trey Sermon",PHI,"RB78","7","3 out of 5 stars","-"
"281",10,"Washington Commanders",WAS,"DST24","14","1 out of 5 stars","-52"
"282",10,"Marquez Callaway",NO,"WR97","14","4 out of 5 stars","-"
"283",10,"Dan Arnold",JAC,"TE32","11","4 out of 5 stars","-"
"284",10,"Graham Gano",NYG,"K22","9","1 out of 5 stars","-"
"285",10,"Chris Evans",CIN,"RB79","10","3 out of 5 stars","-"
"286",10,"New York Giants",NYG,"DST25","9","2 out of 5 stars","-"
"287",10,"Joshua Kelley",LAC,"RB80","8","2 out of 5 stars","-"
"288",10,"Ameer Abdullah",LV,"RB81","6","2 out of 5 stars","-"
"289",10,"Hassan Haskins",TEN,"RB82","6","4 out of 5 stars","-36"
"290",10,"Jason Myers",SEA,"K23","11","5 out of 5 stars","-"
"291",10,"Trey McBride",ARI,"TE33","13","3 out of 5 stars","-"
"292",10,"Nick Westbrook-Ikhine",TEN,"WR98","6","3 out of 5 stars","-"
"293",10,"Randy Bullock",TEN,"K24","6","3 out of 5 stars","-"
"294",10,"Ke'Shawn Vaughn",TB,"RB83","11","2 out of 5 stars","-"
"295",10,"Seattle Seahawks",SEA,"DST26","11","3 out of 5 stars","-"
"296",10,"New York Jets",NYJ,"DST27","10","4 out of 5 stars","-"
"297",10,"Cairo Santos",CHI,"K25","14","3 out of 5 stars","-"
"298",10,"Odell Beckham Jr.",FA,"WR99","-","-","-117"
"299",10,"William Fuller V",FA,"WR100","-","-","-"
"300",10,"Quez Watkins",PHI,"WR101","7","4 out of 5 stars","-"
"301",10,"Josh Reynolds",DET,"WR102","6","3 out of 5 stars","-"
"302",10,"Kyren Williams",LAR,"RB84","7","2 out of 5 stars","-"
"303",10,"Jacoby Brissett",CLE,"QB32","9","4 out of 5 stars","-"
"304",10,"Geno Smith",SEA,"QB33","11","3 out of 5 stars","-"
"305",10,"Kenny Pickett",PIT,"QB34","9","3 out of 5 stars","-139"
"306",10,"Kyle Rudolph",TB,"TE34","11","3 out of 5 stars","-62"
"307",10,"Ka'imi Fairbairn",HOU,"K26","6","4 out of 5 stars","-"
"308",10,"Tre'Quan Smith",NO,"WR103","14","4 out of 5 stars","-"
"309",10,"Velus Jones Jr.",CHI,"WR104","14","3 out of 5 stars","-"
"310",10,"Dontrell Hilliard",TEN,"RB85","6","4 out of 5 stars","-68"
"311",10,"Isaiah Likely",BAL,"TE35","10","2 out of 5 stars","-"
"312",10,"Tyler Conklin",NYJ,"TE36","10","3 out of 5 stars","-"
"313",10,"Devin Duvernay",BAL,"WR105","10","3 out of 5 stars","-"
"314",10,"Jacksonville Jaguars",JAC,"DST28","11","2 out of 5 stars","-"
"315",10,"Giovani Bernard",TB,"RB86","11","2 out of 5 stars","-"
"316",10,"Darius Slayton",NYG,"WR106","9","4 out of 5 stars","-"
"317",10,"Daniel Bellinger",NYG,"TE37","9","4 out of 5 stars","-"
"318",10,"Jalen Reagor",MIN,"WR107","7","2 out of 5 stars","-"
"319",10,"Pierre Strong Jr.",NE,"RB87","10","4 out of 5 stars","-"
"320",10,"Ty Johnson",NYJ,"RB88","10","4 out of 5 stars","-"
"321",10,"O.J. Howard",HOU,"TE38","6","3 out of 5 stars","-"
"322",10,"Drew Lock",SEA,"QB35","11","3 out of 5 stars","-"
"323",10,"Kyle Philips",TEN,"WR108","6","3 out of 5 stars","-"
"324",10,"Jaylen Warren",PIT,"RB89","9","3 out of 5 stars","-"
"325",10,"Dyami Brown",WAS,"WR109","14","4 out of 5 stars","-"
"326",10,"Jimmy Garoppolo",SF,"QB36","9","3 out of 5 stars","-"
"327",10,"Quintez Cephus",DET,"WR110","6","3 out of 5 stars","-"
"328",10,"Greg Dulcich",DEN,"TE39","9","3 out of 5 stars","-"
"329",11,"Salvon Ahmed",MIA,"RB90","11","4 out of 5 stars","-"
"330",11,"Justin Jackson",DET,"RB91","6","4 out of 5 stars","-"
"331",11,"Harrison Bryant",CLE,"TE40","9","4 out of 5 stars","-"
"332",11,"Phillip Lindsay",FA,"RB92","-","-","-"
"333",11,"Jerome Ford",CLE,"RB93","9","3 out of 5 stars","-"
"334",11,"Darrynton Evans",CHI,"RB94","14","5 out of 5 stars","-"
"335",11,"Snoop Conner",JAC,"RB95","11","3 out of 5 stars","-"
"336",11,"Tommy Tremble",CAR,"TE41","13","3 out of 5 stars","-"
"337",11,"Las Vegas Raiders",LV,"DST29","6","3 out of 5 stars","-145"
"338",11,"Chase McLaughlin",FA,"K27","-","-","-"
"339",11,"James Proche II",BAL,"WR111","10","3 out of 5 stars","-"
"340",11,"Donald Parham Jr.",LAC,"TE42","8","4 out of 5 stars","-"
"341",11,"Ty Montgomery",NE,"RB96","10","4 out of 5 stars","-"
"342",11,"Danny Gray",SF,"WR112","9","3 out of 5 stars","-"
"343",11,"Josh Lambo",FA,"K28","-","-","-"
"344",11,"Desmond Ridder",ATL,"QB37","14","3 out of 5 stars","-"
"345",11,"Emmanuel Sanders",FA,"WR113","-","-","-"
"346",11,"Duke Johnson Jr.",BUF,"RB97","7","4 out of 5 stars","-"
"347",11,"Brett Maher",DAL,"K29","9","5 out of 5 stars","-"
"348",11,"Cade York",CLE,"K30","9","3 out of 5 stars","-122"
"349",11,"Jalen Guyton",LAC,"WR114","8","3 out of 5 stars","-"
"350",11,"Detroit Lions",DET,"DST30","6","2 out of 5 stars","-"
"351",11,"Khalil Shakir",BUF,"WR115","7","4 out of 5 stars","-"
"352",11,"Foster Moreau",LV,"TE43","6","2 out of 5 stars","-"
"353",11,"Travis Homer",SEA,"RB98","11","2 out of 5 stars","-"
"354",11,"Jaret Patterson",WAS,"RB99","14","4 out of 5 stars","-"
"355",11,"Jelani Woods",IND,"TE44","14","2 out of 5 stars","-"
"356",11,"Cole Beasley",FA,"WR116","-","-","-"
"357",11,"Tevin Coleman",FA,"RB100","-","-","-"
"358",11,"Atlanta Falcons",ATL,"DST31","14","5 out of 5 stars","-"
"359",11,"Tyquan Thornton",NE,"WR117","10","4 out of 5 stars","-"
"360",11,"Olamide Zaccheaus",ATL,"WR118","14","4 out of 5 stars","-"
"361",11,"DeeJay Dallas",SEA,"RB101","11","2 out of 5 stars","-"
"362",11,"Taysom Hill",NO,"TE45","14","4 out of 5 stars","-178"
"363",11,"Tyler Badie",BAL,"RB102","10","4 out of 5 stars","-"
"364",11,"Sam Darnold",CAR,"QB38","13","3 out of 5 stars","-"
"365",11,"Demarcus Robinson",BAL,"WR119","10","3 out of 5 stars","-"
"366",11,"Jared Cook",FA,"TE46","-","-","-"
"367",11,"Cade Otton",TB,"TE47","11","3 out of 5 stars","-"
"368",11,"Amari Rodgers",GB,"WR120","14","3 out of 5 stars","-"
"369",11,"John Bates",WAS,"TE48","14","4 out of 5 stars","-"
"370",11,"Noah Brown",DAL,"WR121","9","3 out of 5 stars","-"
"371",11,"Keaontay Ingram",ARI,"RB103","13","2 out of 5 stars","-"
"372",11,"Calvin Austin III",PIT,"WR122","9","4 out of 5 stars","-"
"373",11,"Malcolm Brown",FA,"RB104","-","-","-"
"374",11,"Houston Texans",HOU,"DST32","6","4 out of 5 stars","-"
"375",11,"John Metchie III",HOU,"WR123","6","3 out of 5 stars","-"
"376",11,"Equanimeous St. Brown",CHI,"WR124","14","3 out of 5 stars","-"
"377",11,"David Johnson",FA,"RB105","-","-","-"
"378",11,"Joey Slye",WAS,"K31","14","4 out of 5 stars","-"
"379",11,"James Washington",DAL,"WR125","9","3 out of 5 stars","-"
"380",11,"Latavius Murray",FA,"RB106","-","-","-"
"381",11,"Jauan Jennings",SF,"WR126","9","3 out of 5 stars","-"
"382",11,"Rashard Higgins",CAR,"WR127","13","3 out of 5 stars","-"
"383",11,"Dee Eskridge",SEA,"WR128","11","4 out of 5 stars","-"
"384",11,"Kylen Granson",IND,"TE49","14","2 out of 5 stars","-"
"385",11,"T.Y. Hilton",FA,"WR129","-","-","-"
"386",11,"Devontae Booker",FA,"RB107","-","-","-"
"387",11,"Malik Willis",TEN,"QB39","6","4 out of 5 stars","-"
"388",11,"Austin Seibert",DET,"K32","6","3 out of 5 stars","-"
"389",11,"Anthony Firkser",ATL,"TE50","14","2 out of 5 stars","-"
"390",11,"Kene Nwangwu",MIN,"RB108","7","4 out of 5 stars","-"
"391",11,"Trestan Ebner",CHI,"RB109","14","5 out of 5 stars","-"
"392",11,"Josiah Deguara",GB,"TE51","14","1 out of 5 stars","-"
"393",11,"Benny Snell Jr.",PIT,"RB110","9","3 out of 5 stars","-"
"394",11,"Devonta Freeman",FA,"RB111","-","-","-"
"395",11,"Anthony Schwartz",CLE,"WR130","9","4 out of 5 stars","-"
"396",11,"Brandon Bolden",LV,"RB112","6","2 out of 5 stars","-"
"397",12,"Craig Reynolds",DET,"RB113","6","4 out of 5 stars","-"
"398",12,"Zach Pascal",PHI,"WR131","7","4 out of 5 stars","-"
"399",12,"Wayne Gallman Jr.",FA,"RB114","-","-","-"
"400",12,"Tyler Johnson",HOU,"WR132","6","3 out of 5 stars","-"
"401",12,"Juwan Johnson",NO,"TE52","14","4 out of 5 stars","-"
"402",12,"Mack Hollins",LV,"WR133","6","2 out of 5 stars","-"
"403",12,"Will Dissly",SEA,"TE53","11","2 out of 5 stars","-"
"404",12,"Jordan Mason",SF,"RB115","9","2 out of 5 stars","-"
"405",12,"Tutu Atwell",LAR,"WR134","7","2 out of 5 stars","-"
"406",12,"Ashton Dulin",IND,"WR135","14","4 out of 5 stars","-"
"407",12,"Deonte Harty",NO,"WR136","14","4 out of 5 stars","-"
"408",12,"Ty Chandler",MIN,"RB116","7","4 out of 5 stars","-"
"409",12,"Jamal Agnew",JAC,"WR137","11","4 out of 5 stars","-"
"410",12,"Pharaoh Brown",HOU,"TE54","6","3 out of 5 stars","-"
"411",12,"Chris Conley",FA,"WR138","-","-","-"
"412",12,"Justin Watson",KC,"WR139","8","2 out of 5 stars","-"
"413",12,"Riley Patterson",JAC,"K33","11","4 out of 5 stars","-"
"414",12,"Kyle Juszczyk",SF,"RB117","9","2 out of 5 stars","-"
"415",12,"Tylan Wallace",BAL,"WR140","10","3 out of 5 stars","-"
"416",12,"Jonathan Garibay",FA,"K34","-","-","-"
"417",12,"Joe Flacco",NYJ,"QB40","10","1 out of 5 stars","-"
"418",12,"Teddy Bridgewater",MIA,"QB41","11","2 out of 5 stars","-"
"419",12,"Justice Hill",BAL,"RB118","10","4 out of 5 stars","-"
"420",12,"Jake Ferguson",DAL,"TE55","9","3 out of 5 stars","-"
"421",12,"Eddy Pineiro",CAR,"K35","13","4 out of 5 stars","-"
"422",12,"Geoff Swaim",TEN,"TE56","6","5 out of 5 stars","-"
"423",12,"Tristan Vizcaino",FA,"K36","-","-","-"
"424",12,"Phillip Dorsett II",HOU,"WR141","6","3 out of 5 stars","-"
"425",12,"Tony Jones Jr.",NO,"RB119","14","3 out of 5 stars","-"
"426",12,"Antonio Brown",FA,"WR142","-","-","-"
"427",12,"Jeremy Ruckert",NYJ,"TE57","10","3 out of 5 stars","-"
"428",12,"Laquon Treadwell",FA,"WR143","-","-","-"
"429",12,"Durham Smythe",MIA,"TE58","11","3 out of 5 stars","-"
"430",12,"Ben Skowronek",LAR,"WR144","7","2 out of 5 stars","-"
"431",12,"Demetric Felton Jr.",CLE,"RB120","9","3 out of 5 stars","-"
"432",12,"Tyler Huntley",BAL,"QB42","10","2 out of 5 stars","-"
"433",12,"Ian Thomas",CAR,"TE59","13","3 out of 5 stars","-"
"434",12,"Denzel Mims",NYJ,"WR145","10","1 out of 5 stars","-"
"435",12,"Mike Boone",DEN,"RB121","9","3 out of 5 stars","-"
"436",12,"Kalif Raymond",DET,"WR146","6","3 out of 5 stars","-"
"437",12,"Dare Ogunbowale",HOU,"RB122","6","3 out of 5 stars","-"
"438",12,"Anthony McFarland Jr.",PIT,"RB123","9","3 out of 5 stars","-"
"439",12,"N'Keal Harry",CHI,"WR147","14","3 out of 5 stars","-"
"440",12,"Tyrod Taylor",NYG,"QB43","9","5 out of 5 stars","-"
"441",12,"Noah Gray",KC,"TE60","8","3 out of 5 stars","-"
"442",12,"Sam Howell",WAS,"QB44","14","4 out of 5 stars","-"
"443",12,"Gary Brightwell",NYG,"RB124","9","3 out of 5 stars","-"
"444",12,"Antoine Wesley",ARI,"WR148","13","2 out of 5 stars","-"
"445",12,"Montrell Washington",DEN,"WR149","9","4 out of 5 stars","-"
"446",12,"Lance McCutcheon",LAR,"WR150","7","2 out of 5 stars","-"
"447",12,"Justyn Ross",KC,"WR151","8","2 out of 5 stars","-"
"448",12,"Blake Jarwin",FA,"TE61","-","-","-"
"449",12,"Ihmir Smith-Marsette",CHI,"WR152","14","3 out of 5 stars","-"
"450",12,"Maxx Williams",ARI,"TE62","13","3 out of 5 stars","-"
"451",12,"Erik Ezukanma",MIA,"WR153","11","2 out of 5 stars","-"
"452",12,"Eric Ebron",FA,"TE63","-","-","-"
"453",12,"Abram Smith",FA,"RB125","-","-","-"
"454",12,"Jonathan Williams",WAS,"RB126","14","4 out of 5 stars","-"
"455",12,"Simi Fehoko",DAL,"WR154","9","3 out of 5 stars","-"
"456",12,"Miles Boykin",PIT,"WR155","9","4 out of 5 stars","-"
"457",12,"Deon Jackson",IND,"RB127","14","3 out of 5 stars","-"
"458",12,"Chris Moore",HOU,"WR156","6","3 out of 5 stars","-"
"459",12,"Carlos Hyde",FA,"RB128","-","-","-"
"460",12,"Drew Sample",CIN,"TE64","10","2 out of 5 stars","-"
"461",12,"Breshad Perriman",TB,"WR157","11","4 out of 5 stars","-"
"462",12,"Chigoziem Okonkwo",TEN,"TE65","6","5 out of 5 stars","-"
"463",12,"Tarik Cohen",FA,"RB129","-","-","-"
"464",12,"Quinn Nordin",FA,"K37","-","-","-"
"465",12,"JaMycal Hasty",JAC,"RB130","11","3 out of 5 stars","-"
"466",12,"Tyler Kroft",SF,"TE66","9","4 out of 5 stars","-"
"467",12,"Jody Fortson",KC,"TE67","8","3 out of 5 stars","-"
"468",12,"Scotty Miller",TB,"WR158","11","4 out of 5 stars","-"
"469",12,"Patrick Ricard",BAL,"RB131","10","4 out of 5 stars","-"
"470",12,"Tre' McKitty",LAC,"TE68","8","4 out of 5 stars","-"
"471",12,"Tyrell Williams",FA,"WR159","-","-","-"
"472",12,"Tyron Johnson",LV,"WR160","6","2 out of 5 stars","-"
"473",12,"Keelan Cole Sr.",FA,"WR161","-","-","-"
"474",12,"Nick Boyle",BAL,"TE69","10","2 out of 5 stars","-"
"475",12,"Blake Bell",KC,"TE70","8","3 out of 5 stars","-"
"476",12,"Gardner Minshew II",PHI,"QB45","7","4 out of 5 stars","-"
"477",12,"Damiere Byrd",ATL,"WR162","14","4 out of 5 stars","-"
"478",12,"Jermar Jefferson",DET,"RB132","6","4 out of 5 stars","-"
"479",13,"Chris Herndon IV",FA,"TE71","-","-","-"
"480",13,"Jordan Howard",FA,"RB133","-","-","-"
"481",13,"Cole Turner",WAS,"TE72","14","4 out of 5 stars","-"
"482",13,"Zach Gentry",PIT,"TE73","9","4 out of 5 stars","-"
"483",13,"Chris Manhertz",JAC,"TE74","11","4 out of 5 stars","-"
"484",13,"Jordan Akins",HOU,"TE75","6","3 out of 5 stars","-"
"485",13,"Derrick Gore",FA,"RB134","-","-","-"
"486",13,"Marcedes Lewis",GB,"TE76","14","1 out of 5 stars","-"
"487",13,"Brycen Hopkins",LAR,"TE77","7","3 out of 5 stars","-"
"488",13,"Nick Vannett",NO,"TE78","14","4 out of 5 stars","-"
"489",13,"Cam Sims",WAS,"WR163","14","4 out of 5 stars","-"
"490",13,"Ryan Griffin",CHI,"TE79","14","5 out of 5 stars","-"
"491",13,"Kylin Hill",GB,"RB135","14","3 out of 5 stars","-"
"492",13,"James O'Shaughnessy",FA,"TE80","-","-","-"
"493",13,"Ross Dwelley",SF,"TE81","9","4 out of 5 stars","-"
"494",13,"Charlie Kolar",BAL,"TE82","10","2 out of 5 stars","-"
"495",13,"Brock Wright",DET,"TE83","6","4 out of 5 stars","-"
"496",13,"Marquise Goodwin",SEA,"WR164","11","4 out of 5 stars","-"
"497",13,"Andy Dalton",NO,"QB46","14","3 out of 5 stars","-"
"498",13,"Freddie Swain",MIA,"WR165","11","2 out of 5 stars","-"
"499",13,"Hunter Long",MIA,"TE84","11","3 out of 5 stars","-215"
"500",13,"Bo Melton",SEA,"WR166","11","4 out of 5 stars","-"
"501",13,"Travis Fulgham",GB,"WR167","14","3 out of 5 stars","-"
"502",13,"Trayveon Williams",CIN,"RB136","10","3 out of 5 stars","-"
"503",13,"Carlos Martinez",DAL,"K38","9","5 out of 5 stars","-"
"504",13,"Taylor Heinicke",WAS,"QB47","14","4 out of 5 stars","-"
"505",13,"Dezmon Patmon",IND,"WR168","14","4 out of 5 stars","-"
"506",13,"Jaelon Darden",TB,"WR169","11","4 out of 5 stars","-"
"507",13,"Trent Sherfield",MIA,"WR170","11","2 out of 5 stars","-"
"508",13,"Jake Funk",LAR,"RB137","7","2 out of 5 stars","-"
"509",13,"Blaine Gabbert",TB,"QB48","11","3 out of 5 stars","-"
"510",13,"Antonio Williams",NYG,"RB138","9","3 out of 5 stars","-"
"511",13,"DeAndre Carter",LAC,"WR171","8","3 out of 5 stars","-"
"512",13,"Royce Freeman",HOU,"RB139","6","3 out of 5 stars","-"
"513",13,"Qadree Ollison",DAL,"RB140","9","4 out of 5 stars","-"
"514",13,"Dez Fitzpatrick",TEN,"WR172","6","3 out of 5 stars","-"
"515",13,"Jalen Wydermyer",NE,"TE85","10","4 out of 5 stars","-"
"516",13,"DeSean Jackson",FA,"WR173","-","-","-"
"517",13,"Shi Smith",CAR,"WR174","13","3 out of 5 stars","-"
"518",13,"Josh Gordon",TEN,"WR175","6","3 out of 5 stars","-"
"519",13,"Johnny Mundt",MIN,"TE86","7","3 out of 5 stars","-"
"520",13,"Dante Pettis",CHI,"WR176","14","3 out of 5 stars","-"
"521",13,"Le'Veon Bell",FA,"RB141","-","-","-"
"522",13,"Andrew Jacas",SF,"K39","9","3 out of 5 stars","-"
"523",13,"Jacob Harris",LAR,"TE87","7","3 out of 5 stars","-"
"524",13,"Jimmy Graham",FA,"TE88","-","-","-"
"525",13,"Auden Tate",FA,"WR177","-","-","-"
"526",13,"Chris Myarick",NYG,"TE89","9","4 out of 5 stars","-"
"527",13,"Tommy Sweeney",BUF,"TE90","7","3 out of 5 stars","-"
"528",13,"Larry Rountree III",LAC,"RB142","8","2 out of 5 stars","-"
"529",13,"Mike Thomas",CIN,"WR178","10","3 out of 5 stars","-235"
"530",13,"C.J. Ham",MIN,"RB143","7","4 out of 5 stars","-"
"531",13,"Jonathan Ward",ARI,"RB144","13","2 out of 5 stars","-"
"532",13,"Mike Strachan",IND,"WR179","14","4 out of 5 stars","-"
"533",13,"Parker Hesse",ATL,"TE91","14","2 out of 5 stars","-"
"534",13,"Richie James Jr.",NYG,"WR180","9","4 out of 5 stars","-"
"535",13,"Tajae Sharpe",CHI,"WR181","14","3 out of 5 stars","-"
"536",13,"James McCourt",JAC,"K40","11","4 out of 5 stars","-"
"537",13,"Jalen Nailor",MIN,"WR182","7","2 out of 5 stars","-"
"538",13,"Chad Henne",KC,"QB49","8","2 out of 5 stars","-"
"539",13,"Ray-Ray McCloud",SF,"WR183","9","3 out of 5 stars","-"
"540",13,"Adrian Peterson",FA,"RB145","-","-","-"
"541",13,"Kevin Harris",NE,"RB146","10","4 out of 5 stars","-"
"542",13,"Jordan Franks",KC,"TE92","8","3 out of 5 stars","-"
"543",13,"Kennedy Brooks",PHI,"RB147","7","3 out of 5 stars","-"
"544",13,"Jeremy McNichols",PIT,"RB148","9","3 out of 5 stars","-"
"545",13,"KaVontae Turpin",DAL,"WR184","9","3 out of 5 stars","-"
"546",13,"Stanley Morgan Jr.",CIN,"WR185","10","3 out of 5 stars","-"
"547",13,"Alex Collins",FA,"RB149","-","-","-"
"548",13,"Darius Bradwell",FA,"RB150","-","-","-"
"549",13,"Alec Ingold",MIA,"RB151","11","4 out of 5 stars","-"
"550",13,"MyCole Pruitt",ATL,"TE93","14","2 out of 5 stars","-"
"551",13,"Zonovan Knight",NYJ,"RB152","10","4 out of 5 stars","-"
"552",13,"Rico Dowdle",DAL,"RB153","9","4 out of 5 stars","-"
"553",13,"Tanner Hudson",NYG,"TE94","9","4 out of 5 stars","-"
"554",13,"J.J. Taylor",NE,"RB154","10","4 out of 5 stars","-"
"555",13,"Jack Stoll",PHI,"TE95","7","2 out of 5 stars","-"
"556",13,"Tyler Davis",GB,"TE96","14","1 out of 5 stars","-"
"557",13,"Pooka Williams Jr.",FA,"RB155","-","-","-"
"558",13,"Stephen Anderson",ARI,"TE97","13","3 out of 5 stars","-"
"559",13,"Josh Oliver",BAL,"TE98","10","2 out of 5 stars","-"
"560",13,"Nate Sudfeld",DET,"QB50","6","3 out of 5 stars","-"
"561",13,"Albert Wilson",FA,"WR186","-","-","-"
"562",13,"Charlie Woerner",SF,"TE99","9","4 out of 5 stars","-"
"563",13,"Jared Pinkney",LAR,"TE100","7","3 out of 5 stars","-"
"564",13,"Jesper Horsted",LV,"TE101","6","2 out of 5 stars","-"
"565",13,"Mike White",NYJ,"QB51","10","1 out of 5 stars","-"
"566",13,"Devin Asiasi",CIN,"TE102","10","2 out of 5 stars","-"
"567",13,"Godwin Igwebuike",FA,"RB156","-","-","-"
"568",13,"Andy Isabella",ARI,"WR187","13","2 out of 5 stars","-"
"569",14,"Ben Ellefson",MIN,"TE103","7","3 out of 5 stars","-"
"570",14,"Miller Forristall",CLE,"TE104","9","4 out of 5 stars","-"
"571",14,"Keith Smith",ATL,"RB157","14","1 out of 5 stars","-"
"572",14,"Quintin Morris",BUF,"TE105","7","3 out of 5 stars","-"
"573",14,"Jashaun Corbin",NYG,"RB158","9","3 out of 5 stars","-"
"574",14,"Colby Parkinson",SEA,"TE106","11","2 out of 5 stars","-"
"575",14,"Penny Hart",SEA,"WR188","11","4 out of 5 stars","-"
"576",14,"Chester Rogers",FA,"WR189","-","-","-"
"577",14,"Kendall Blanton",KC,"TE107","8","3 out of 5 stars","-"
"578",14,"Sincere McCormick",LV,"RB159","6","2 out of 5 stars","-314"
"579",14,"Stephen Sullivan",CAR,"TE108","13","3 out of 5 stars","-"
"580",14,"Joshua Dobbs",CLE,"QB52","9","4 out of 5 stars","-"
"581",14,"Keke Coutee",IND,"WR190","14","4 out of 5 stars","-"
"582",14,"Case Keenum",BUF,"QB53","7","3 out of 5 stars","-"
"583",14,"Jakob Johnson",LV,"RB160","6","2 out of 5 stars","-"
"584",14,"J.P. Holtz",NO,"TE109","14","4 out of 5 stars","-"
"585",14,"Davion Davis",FA,"WR191","-","-","-"
"586",14,"D.J. Montgomery",FA,"WR192","-","-","-"
"587",14,"Tim Jones",JAC,"WR193","11","4 out of 5 stars","-"
"588",14,"Kenny Yeboah",NYJ,"TE110","10","3 out of 5 stars","-"
"589",14,"La'Mical Perine",PHI,"RB161","7","3 out of 5 stars","-"
"590",14,"Patrick Taylor Jr.",GB,"RB162","14","3 out of 5 stars","-"
"591",14,"Sean McKeon",DAL,"TE111","9","3 out of 5 stars","-"
"592",15,"John Wolford",LAR,"QB54","7","3 out of 5 stars","-"