"Player","Pos","Team","Current ADP","Old ADP","ADP Change","Ovr Rank","Pos Rank"
"Jonathan Taylor","RB","IND",1.5,1.5,0,1,1
"Christian McCaffrey","RB","CAR",1.8,1.8,0,2,2
"Justin Jefferson","WR","MIN",3.4,3.3,0.1,3,1
"Cooper Kupp","WR","LA",4.3,4.2,0.1,4,2
"Austin Ekeler","RB","LAC",5.5,5.8,-0.3,5,3
"Ja'Marr Chase","WR","CIN",5.9,5.5,0.4,6,3
"Derrick Henry","RB","TEN",7.3,7.8,-0.5,7,4
"Dalvin Cook","RB","MIN",8.2,8.6,-0.4,8,5
"Stefon Diggs","WR","BUF",9.1,8.4,0.7,9,4
"Davante Adams","WR","LV",10.9,10.9,0,10,5
"Najee Harris","RB","PIT",12.1,11.5,0.6,11,6
"Joe Mixon","RB","CIN",13.2,13.6,-0.4,12,7
"Travis Kelce","TE","KC",13.2,12.9,0.3,13,1
"Saquon Barkley","RB","NYG",14,14.5,-0.5,14,8
"Alvin Kamara","RB","NO",15.3,17.1,-1.8,15,9
"CeeDee Lamb","WR","DAL",15.4,14.2,1.2,16,6
"D'Andre Swift","RB","DET",16.1,15.9,0.2,17,10
"Aaron Jones","RB","GB",18.4,18.4,0,18,11
"Javonte Williams","RB","DEN",20,20.7,-0.7,19,12
"Deebo Samuel","WR","SF",20.2,18.8,1.4,20,7
"Mark Andrews","TE","BAL",21.6,21.8,-0.2,21,2
"Tyreek Hill","WR","MIA",22.5,22.8,-0.3,22,8
"Leonard Fournette","RB","TB",24,24.6,-0.6,23,13
"Mike Evans","WR","TB",24.2,22.6,1.6,24,9
"A.J. Brown","WR","PHI",25.5,25.4,0.1,25,10
"Nick Chubb","RB","CLE",26.6,26.5,0.1,26,14
"Kyle Pitts","TE","ATL",27,28.9,-1.9,27,3
"Michael Pittman","WR","IND",27,27.7,-0.7,28,11
"Tee Higgins","WR","CIN",29.2,27.4,1.8,29,12
"Josh Allen","QB","BUF",30.1,31.6,-1.5,30,1
"Mike Williams","WR","LAC",31.8,31.1,0.7,31,13
"Keenan Allen","WR","LAC",32.2,30.9,1.3,32,14
"DJ Moore","WR","CAR",33.2,32.9,0.3,33,15
"Courtland Sutton","WR","DEN",33.2,33.3,-0.1,34,16
"James Conner","RB","ARI",34.2,34.5,-0.3,35,15
"Travis Etienne","RB","JAX",36.1,36.2,-0.1,36,16
"Jaylen Waddle","WR","MIA",39.2,38.5,0.7,37,17
"Gabriel Davis","WR","BUF",39.4,40.9,-1.5,38,18
"Allen Robinson","WR","LA",39.7,39.1,0.6,39,19
"Ezekiel Elliott","RB","DAL",40.9,39.9,1,40,17
"Marquise Brown","WR","ARI",42,42.6,-0.6,41,20
"Justin Herbert","QB","LAC",42.7,44.9,-2.2,42,2
"Terry McLaurin","WR","WAS",43.6,41.8,1.8,43,21
"JuJu Smith-Schuster","WR","KC",45.5,46.6,-1.1,44,22
"Jerry Jeudy","WR","DEN",45.6,43.8,1.8,45,23
"Lamar Jackson","QB","BAL",46.7,48,-1.3,46,3
"Patrick Mahomes","QB","KC",48.4,50.2,-1.8,47,4
"Breece Hall","RB","NYJ",49.5,45.9,3.6,48,18
"Diontae Johnson","WR","PIT",50.1,48.8,1.3,49,24
"Amon-Ra St. Brown","WR","DET",50.5,54.9,-4.4,50,25
"Brandin Cooks","WR","HOU",51.4,51.2,0.2,51,26
"George Kittle","TE","SF",52.4,53.1,-0.7,52,4
"Chris Godwin","WR","TB",53.6,54.5,-0.9,53,27
"AJ Dillon","RB","GB",54.6,58.9,-4.3,54,19
"Rashod Bateman","WR","BAL",54.9,53.4,1.5,55,28
"Darren Waller","TE","LV",55.6,55.3,0.3,56,5
"Jalen Hurts","QB","PHI",57.1,60.2,-3.1,57,5
"Cam Akers","RB","LA",57.5,53.3,4.2,58,20
"D.K. Metcalf","WR","SEA",58.6,57.5,1.1,59,29
"Michael Thomas","WR","NO",60.7,58.3,2.4,60,30
"Kyler Murray","QB","ARI",61.3,62.2,-0.9,61,6
"Darnell Mooney","WR","CHI",61.9,61.6,0.3,62,31
"Dameon Pierce","RB","HOU",64.1,82.1,-18,63,21
"David Montgomery","RB","CHI",64.6,64.6,0,64,22
"J.K. Dobbins","RB","BAL",65.4,56.5,8.9,65,23
"Adam Thielen","WR","MIN",66.1,67.2,-1.1,66,32
"Elijah Mitchell","RB","SF",67.3,67.3,0,67,24
"Elijah Moore","WR","NYJ",68.6,66.6,2,68,33
"Brandon Aiyuk","WR","SF",69.4,68.5,0.9,69,34
"Allen Lazard","WR","GB",70.5,70.7,-0.2,70,35
"Dalton Schultz","TE","DAL",72,71.9,0.1,71,6
"Chase Edmonds","RB","MIA",72.4,80.4,-8,72,25
"Trey Lance","QB","SF",74,70.4,3.6,73,7
"Christian Kirk","WR","JAX",74.1,78,-3.9,74,36
"Joe Burrow","QB","CIN",74.6,75,-0.4,75,8
"DeVonta Smith","WR","PHI",77.5,77.6,-0.1,76,37
"Drake London","WR","ATL",77.8,73.8,4,77,38
"DeAndre Hopkins","WR","ARI",78.6,76.7,1.9,78,39
"Russell Wilson","QB","DEN",79.2,79.6,-0.4,79,9
"Josh Jacobs","RB","LV",79.8,77,2.8,80,26
"Tony Pollard","RB","DAL",80.5,79,1.5,81,27
"Rhamondre Stevenson","RB","NE",81.3,84.8,-3.5,82,28
"Clyde Edwards-Helaire","RB","KC",83.5,83.3,0.2,83,29
"Hunter Renfrow","WR","LV",83.6,83.4,0.2,84,40
"Amari Cooper","WR","CLE",83.8,76.8,7,85,41
"Dallas Goedert","TE","PHI",85.2,88.1,-2.9,86,7
"Tom Brady","QB","TB",87.5,88.1,-0.6,87,10
"Kadarius Toney","WR","NYG",88.4,83.8,4.6,88,42
"Chris Olave","WR","NO",89,87.5,1.5,89,43
"Antonio Gibson","RB","WAS",89.3,98.3,-9,90,30
"Rashaad Penny","RB","SEA",90,93.8,-3.8,91,31
"Dak Prescott","QB","DAL",94,92.1,1.9,92,11
"T.J. Hockenson","TE","DET",94.2,93.1,1.1,93,8
"Kareem Hunt","RB","CLE",94.9,95.1,-0.2,94,32
"Skyy Moore","WR","KC",95.3,91.2,4.1,95,44
"Marquez Valdes-Scantling","WR","KC",96.5,95.6,0.9,96,45
"Robert Woods","WR","TEN",98.2,97.1,1.1,97,46
"George Pickens","WR","PIT",99,104.3,-5.3,98,47
"Miles Sanders","RB","PHI",99.5,93.2,6.3,99,33
"Damien Harris","RB","NE",99.6,99.8,-0.2,100,34
"Dawson Knox","TE","BUF",102.2,103.8,-1.6,101,9
"Tyler Lockett","WR","SEA",102.3,100.6,1.7,102,48
"Cordarrelle Patterson","RB","ATL",103.6,107.7,-4.1,103,35
"Treylon Burks","WR","TEN",105.3,102.5,2.8,104,49
"James Cook","RB","BUF",105.4,103.5,1.9,105,36
"Devin Singletary","RB","BUF",106.1,105.6,0.5,106,37
"Matthew Stafford","QB","LA",106.2,106.1,0.1,107,12
"Derek Carr","QB","LV",107.9,108.4,-0.5,108,13
"Aaron Rodgers","QB","GB",110.3,111.5,-1.2,109,14
"Tyler Boyd","WR","CIN",110.4,108.8,1.6,110,50
"Zach Ertz","TE","ARI",110.7,109.3,1.4,111,10
"Melvin Gordon","RB","DEN",112.8,113.6,-0.8,112,38
"Cole Kmet","TE","CHI",114,118.4,-4.4,113,11
"Darrell Henderson","RB","LA",114.1,119.9,-5.8,114,39
"Chase Claypool","WR","PIT",114.1,110.7,3.4,115,51
"Rondale Moore","WR","ARI",115.2,112.9,2.3,116,52
"Kirk Cousins","QB","MIN",116,117.2,-1.2,117,15
"Julio Jones","WR","N/A",117.2,117.5,-0.3,118,53
"Michael Gallup","WR","DAL",120.2,130.2,-10,119,54
"Kenneth Walker","RB","SEA",120.3,115.1,5.2,120,40
"Joshua Palmer","WR","LAC",120.7,122.9,-2.2,121,55
"Romeo Doubs","WR","GB",122.5,124,-1.5,122,56
"Nyheim Hines","RB","IND",123.6,128,-4.4,123,41
"Garrett Wilson","WR","NYJ",125.5,118.1,7.4,124,57
"Pat Freiermuth","TE","PIT",126,134.2,-8.2,125,12
"Jahan Dotson","WR","WAS",126.3,131.3,-5,126,58
"Justin Fields","QB","CHI",126.4,131.6,-5.2,127,16
"Isaiah McKenzie","WR","BUF",127.7,134.4,-6.7,128,59
"Kenneth Gainwell","RB","PHI",129.9,129.2,0.7,129,42
"Michael Carter","RB","NYJ",130.5,139.3,-8.8,130,43
"Tua Tagovailoa","QB","MIA",132.5,135.4,-2.9,131,17
"Russell Gage","WR","TB",132.9,127.1,5.8,132,60
"Alexander Mattison","RB","MIN",134,136.3,-2.3,133,44
"Rachaad White","RB","TB",134.5,128.7,5.8,134,45
"James Robinson","RB","JAX",136.3,137.3,-1,135,46
"Trevor Lawrence","QB","JAX",137.1,140.9,-3.8,136,18
"Irv Smith","TE","MIN",139,142.2,-3.2,137,13
"DeVante Parker","WR","NE",139.4,133.6,5.8,138,61
"Mecole Hardman","WR","KC",139.8,134.8,5,139,62
"Nico Collins","WR","HOU",142.6,145.3,-2.7,140,63
"Isiah Pacheco","RB","KC",143.3,138.5,4.8,141,47
"D.J. Chark","WR","DET",144,140,4,142,64
"Albert Okwuegbunam","TE","DEN",144.3,140.7,3.6,143,14
"Jalen Tolbert","WR","DAL",144.8,126.9,17.9,144,65
"Jameis Winston","QB","NO",145.4,151.3,-5.9,145,19
"Jakobi Meyers","WR","NE",146.2,145.1,1.1,146,66
"David Njoku","TE","CLE",146.4,158.1,-11.7,147,15
"Tyler Allgeier","RB","ATL",147.1,149,-1.9,148,48
"K.J. Osborn","WR","MIN",147.9,145.3,2.6,149,67
"Hunter Henry","TE","NE",150.3,152.7,-2.4,150,16
"Wan'Dale Robinson","WR","NYG",151.4,156.5,-5.1,151,68
"KJ Hamler","WR","DEN",151.6,154.5,-2.9,152,69
"Khalil Herbert","RB","CHI",152.1,152.1,0,153,49
"Raheem Mostert","RB","MIA",153.3,169.2,-15.9,154,50
"Matt Ryan","QB","IND",153.6,156.4,-2.8,155,20
"Jarvis Landry","WR","NO",155.6,158,-2.4,156,70
"Jamaal Williams","RB","DET",156.6,156.9,-0.3,157,51
"Gerald Everett","TE","LAC",160.3,163.7,-3.4,158,17
"Zamir White","RB","LV",160.5,162,-1.5,159,52
"Robert Tonyan","TE","GB",160.7,164.2,-3.5,160,18
"Brian Robinson Jr.","RB","WAS",161,126.3,34.7,161,53
"J.D. McKissic","RB","WAS",162.9,174.5,-11.6,162,54
"Christian Watson","WR","GB",164.2,157.7,6.5,163,71
"Robby Anderson","WR","CAR",164.8,162.3,2.5,164,72
"Alec Pierce","WR","IND",166,164.7,1.3,165,73
"Tyler Higbee","TE","LA",166.2,169.2,-3,166,19
"Daniel Jones","QB","NYG",167.3,168.2,-0.9,167,21
"Mike Gesicki","TE","MIA",168.4,160.6,7.8,168,20
"Jameson Williams","WR","DET",169.8,168.1,1.7,169,74
"Van Jefferson","WR","LA",173.7,172.5,1.2,170,75
"Evan Engram","TE","JAX",174.2,178.7,-4.5,171,21
"Marvin Jones","WR","JAX",174.5,174.1,0.4,172,76
"Jared Goff","QB","DET",175,181.9,-6.9,173,22
"Sammy Watkins","WR","GB",176.2,177.1,-0.9,174,77
"Baker Mayfield","QB","CAR",176.3,186,-9.7,175,23
"Tyrion Davis-Price","RB","SF",177.6,175.4,2.2,176,55
"Isaiah Spiller","RB","LAC",177.8,154.3,23.5,177,56
"Hayden Hurst","TE","CIN",179,177.4,1.6,178,22
"Jerick McKinnon","RB","KC",179.2,186.3,-7.1,179,57
"Kenny Golladay","WR","NYG",180.4,157.9,22.5,180,78
"Zay Jones","WR","JAX",182.3,182.2,0.1,181,79
"Isaiah Likely","TE","BAL",183.2,188.3,-5.1,182,23
"Mac Jones","QB","NE",184.6,177.5,7.1,183,24
"Corey Davis","WR","NYJ",186.2,182.9,3.3,184,80
"Austin Hooper","TE","TEN",186.8,187.4,-0.6,185,24
"Parris Campbell","WR","IND",187.2,184.6,2.6,186,81
"Mark Ingram","RB","NO",187.4,198.7,-11.3,187,58
"Eno Benjamin","RB","ARI",188.8,195.6,-6.8,188,59
"Jeff Wilson","RB","SF",189.1,205.2,-16.1,189,60
"Noah Fant","TE","SEA",189.9,181.3,8.6,190,25
"Ryan Tannehill","QB","TEN",191.2,187.9,3.3,191,25
"Deshaun Watson","QB","CLE",193.6,194.8,-1.2,192,26
"Mike Davis","RB","ATL",194.4,205.4,-11,193,61
"Brevin Jordan","TE","HOU",196.1,192.9,3.2,194,26
"A.J. Green","WR","ARI",196.9,196.1,0.8,195,82
"David Bell","WR","CLE",198.1,204.7,-6.6,196,83
"Taysom Hill","TE","NO",199.3,193.7,5.6,197,27
"Davis Mills","QB","HOU",199.7,199.5,0.2,198,27
"Curtis Samuel","WR","WAS",200,198.9,1.1,199,84
"Logan Thomas","TE","WAS",201.3,201.8,-0.5,200,28
"Kenyan Drake","RB","LV",202.1,215.8,-13.7,201,62
"Carson Wentz","QB","WAS",203.2,205,-1.8,202,28
"Sony Michel","RB","LA",203.5,214.8,-11.3,203,63
"Devin Duvernay","WR","BAL",204.1,204.3,-0.2,204,85
"Mo Alie-Cox","TE","IND",204.2,206.9,-2.7,205,29
"Marcus Mariota","QB","ATL",205,206.8,-1.8,206,29
"Odell Beckham","WR","N/A",206.9,207.8,-0.9,207,86
"Jamison Crowder","WR","BUF",206.9,202.3,4.6,208,87
"Donovan Peoples-Jones","WR","CLE",207.5,203.8,3.7,209,88
"Zack Moss","RB","BUF",208.1,207.9,0.2,210,64
"Kenny Pickett","QB","PIT",209.3,208.7,0.6,211,30
"Boston Scott","RB","PHI",209.6,212.7,-3.1,212,65
"Laviska Shenault","WR","JAX",209.7,215.1,-5.4,213,89
"Randall Cobb","WR","GB",209.9,210.9,-1,214,90
"Cameron Brate","TE","TB",210,210.8,-0.8,215,30
"Zach Wilson","QB","NYJ",210.7,210.7,0,216,31
"Jaylen Warren","RB","PIT",210.8,214.3,-3.5,217,66
"Rex Burkhead","RB","HOU",211,215.6,-4.6,218,67
"Darrel Williams","RB","KC",211.4,201.5,9.9,219,68
"Kendrick Bourne","WR","NE",211.7,210.8,0.9,220,91
"Chuba Hubbard","RB","CAR",211.9,212.3,-0.4,221,69
"D'Onta Foreman","RB","CAR",213,212.7,0.3,222,70
"Nick Westbrook-Ikhine","WR","TEN",213,208.8,4.2,223,92
"Khalil Shakir","WR","BUF",213.2,212.8,0.4,224,93
"Kyle Philips","WR","TEN",213.5,211,2.5,225,94
"D'Ernest Johnson","RB","CLE",213.5,210.9,2.6,226,71
"Ameer Abdullah","RB","LV",213.6,212.8,0.8,227,72
"Gus Edwards","RB","BAL",213.6,206.4,7.2,228,73
"Jonnu Smith","TE","NE",213.7,213.3,0.4,229,31
"Sterling Shepard","WR","NYG",213.9,213.8,0.1,230,95
"Cedrick Wilson","WR","MIA",213.9,213.3,0.6,231,96
"Nelson Agholor","WR","NE",213.9,212.5,1.4,232,97
"Malik Willis","QB","TEN",214.2,214.8,-0.6,233,32
"Tyler Conklin","TE","NYJ",214.3,214.1,0.2,234,32
"Quez Watkins","WR","PHI",214.5,214.6,-0.1,235,98
"Ronald Jones","RB","KC",214.5,214.4,0.1,236,74
"Danny Gray","WR","SF",214.6,213,1.6,237,99
"Samaje Perine","RB","CIN",214.6,214.7,-0.1,238,75
"Daniel Bellinger","TE","NYG",214.6,214.8,-0.2,239,33
"Dontrell Hilliard","RB","TEN",214.8,215.1,-0.3,240,76
"Trey McBride","TE","ARI",214.8,215.2,-0.4,241,34
"Kyren Williams","RB","LA",214.9,215.4,-0.5,242,77
"William Fuller","WR","N/A",215,211,4,243,100
"Velus Jones","WR","CHI",215,214.2,0.8,244,101
"Trey Sermon","RB","SF",215,207.9,7.1,245,78
"Kyle Rudolph","TE","N/A",215,215.1,-0.1,246,35
"Chris Evans","RB","CIN",215.1,214.4,0.7,247,79
"Bryan Edwards","WR","LV",215.1,214.7,0.4,248,102
"Mitchell Trubisky","QB","PIT",215.1,215.4,-0.3,249,33
"Joshua Kelley","RB","LAC",215.1,208.1,7,250,80
"Jalen Reagor","WR","PHI",215.1,216,-0.9,251,103
"Braxton Berrios","WR","NYJ",215.3,215.7,-0.4,252,104
"Hassan Haskins","RB","TEN",215.4,214.9,0.5,253,81
"Jalen Guyton","WR","LAC",215.4,215.2,0.2,254,105
"Geno Smith","QB","SEA",215.5,215.7,-0.2,255,34
"Demarcus Robinson","WR","LV",215.5,215.6,-0.1,256,106
"Donald Parham","TE","LAC",215.5,215.8,-0.3,257,36
"Amari Rodgers","WR","GB",215.6,215.8,-0.2,258,107
"Justin Watson","WR","KC",215.6,215.4,0.2,259,108
"Rob Gronkowski","TE","TB",215.6,215.8,-0.2,260,37
"Noah Brown","WR","DAL",215.7,215.6,0.1,261,109
"O.J. Howard","TE","BUF",215.7,215.9,-0.2,262,38
"Ty Chandler","RB","MIN",215.7,215.9,-0.2,263,82
"Byron Pringle","WR","CHI",215.7,215.5,0.2,264,110
"C.J. Uzomah","TE","NYJ",215.7,215.6,0.1,265,39
"Desmond Ridder","QB","ATL",215.7,215.5,0.2,266,35
"Matt Breida","RB","NYG",215.7,215.6,0.1,267,83
"Damien Williams","RB","ATL",215.7,215.9,-0.2,268,84
"Terrace Marshall","WR","CAR",215.7,215.4,0.3,269,111
"Marlon Mack","RB","HOU",215.8,198.5,17.3,270,85
"Tyler Johnson","WR","TB",215.8,216,-0.2,271,112
"Jauan Jennings","WR","SF",215.8,215.6,0.2,272,113
"Mack Hollins","WR","LV",215.8,216,-0.2,273,114
"Tutu Atwell","WR","LA",215.8,215.9,-0.1,274,115
"Ty Montgomery","WR","NE",215.8,215.4,0.4,275,116
"Denzel Mims","WR","NYJ",215.8,215.9,-0.1,276,117
"Eric Ezukanma","WR","MIA",215.8,215.8,0,277,118
"Jacoby Brissett","QB","CLE",215.8,215.8,0,278,36
"Equanimeous St. Brown","WR","CHI",215.8,215.9,-0.1,279,119
"Marquez Callaway","WR","NO",215.8,215.7,0.1,280,120
"Greg Dulcich","TE","DEN",215.8,214.6,1.2,281,40
"Jody Fortson","TE","KC",215.8,215.8,0,282,41
"Myles Gaskin","RB","MIA",215.9,215.9,0,283,86
"Jimmy Garoppolo","QB","SF",215.9,215.7,0.2,284,37
"Olamide Zaccheaus","WR","ATL",215.9,215.9,0,285,121
"Tommy Tremble","TE","CAR",215.9,215.9,0,286,42
"Josh Reynolds","WR","DET",215.9,215.8,0.1,287,122
"Rashard Higgins","WR","CAR",215.9,215.5,0.4,288,123
"Foster Moreau","TE","LV",215.9,215.8,0.1,289,43
"Shi Smith","WR","CAR",215.9,215.8,0.1,290,124
"Montrell Washington","WR","DEN",215.9,215.9,0,291,125
"Adam Trautman","TE","NO",215.9,215.8,0.1,292,44
"DeeJay Dallas","RB","SEA",215.9,215.9,0,293,87
"Andy Isabella","WR","ARI",215.9,216,-0.1,294,126
"Jelani Woods","TE","IND",215.9,215.9,0,295,45
"Tyler Huntley","QB","BAL",215.9,216,-0.1,296,38
"James Proche","WR","BAL",215.9,215.9,0,297,127
"Ke'Shawn Vaughn","RB","TB",215.9,215.9,0,298,88
"Colt McCoy","QB","ARI",215.9,216,-0.1,299,39
"Ashton Dulin","WR","IND",215.9,215.7,0.2,300,128
"Pierre Strong","RB","NE",215.9,215.9,0,301,89
"Travis Homer","RB","SEA",215.9,215.8,0.1,302,90
"Drew Lock","QB","SEA",215.9,215.9,0,303,40
"Benny Snell","RB","PIT",215.9,215.9,0,304,91
"Tyquan Thornton","WR","NE",215.9,215.8,0.1,305,129
"Tylan Wallace","WR","BAL",215.9,216,-0.1,306,130
"Demetric Felton","RB","CLE",215.9,216,-0.1,307,92
"Josh Gordon","WR","KC",215.9,215.9,0,308,131
"Ty Johnson","RB","NYJ",215.9,216,-0.1,309,93
"DeSean Jackson","WR","LV",215.9,216,-0.1,310,132
"Tevin Coleman","RB","NYJ",215.9,216,-0.1,311,94
"Chad Henne","QB","KC",215.9,216,-0.1,312,41
"Trestan Ebnar","RB","CHI",215.9,215.9,0,313,95
"Chigoziem Okonkwo","TE","TEN",215.9,216,-0.1,314,46
"Jamal Agnew","WR","JAX",216,216,0,315,133
"James Washington","WR","DAL",216,216,0,316,134
"Calvin Austin","WR","PIT",216,216,0,317,135
"J.J. Arcega-Whiteside","TE","PHI",216,216,0,318,47
"Jarrett Stidham","QB","NE",216,216,0,319,42
"Kene Nwangwu","RB","MIN",216,215.9,0.1,320,96
"Julian Edelman","WR","N/A",216,216,0,321,136
"Justin Hardy","WR","N/A",216,216,0,322,137
"Caleb Huntley","RB","ATL",216,216,0,323,97
"Chase Allen","TE","CHI",216,216,0,324,48
"Johnny Football","QB","N/A",216,216,0,325,43
"David Johnson","RB","HOU",216,216,0,326,98
"Giovani Bernard","RB","TB",216,216,0,327,99
"Harrison Bryant","TE","CLE",216,215.9,0.1,328,49
"Phillip Lindsay","RB","MIA",216,215.9,0.1,329,100
"Jerome Ford","RB","CLE",216,216,0,330,101
"Brandon Bolden","RB","LV",216,216,0,331,102
"Tyrod Taylor","QB","NYG",216,215.9,0.1,332,44
"Trent Sherfield","WR","MIA",216,216,0,333,138
"Nick Bawden","RB","NYJ",216,216,0,334,103
"Antonio Brown","WR","N/A",216,216,0,335,139
"Scott Miller","WR","TB",216,216,0,336,140
"Sam Howell","QB","WAS",216,216,0,337,45
"D'Wayne Eskridge","WR","SEA",216,216,0,338,141
"Jake Luton","QB","JAX",216,216,0,339,46
"Ihmir Smith-Marsette","WR","MIN",216,216,0,340,142
"Dez Fitzpatrick","WR","TEN",216,216,0,341,143
"Ian Thomas","TE","CAR",216,216,0,342,50
"Nick Vannett","TE","NO",216,216,0,343,51
"Ray-Ray McCloud","WR","SF",216,216,0,344,144
"Antonio Williams","RB","NYG",216,216,0,345,104
"Noah Gray","TE","KC",216,216,0,346,52
"Ben Skowronek","WR","LA",216,216,0,347,145
"Trevon Wesco","TE","NYJ",216,216,0,348,53
"Qadree Ollison","RB","ATL",216,216,0,349,105
"Geronimo Allison","WR","N/A",216,216,0,350,146
"Cody White","WR","PIT",216,216,0,351,147
"John Metchie","WR","HOU",216,216,0,352,148
"Stanley Morgan","WR","CIN",216,216,0,353,149
"Keaontay Ingram","RB","ARI",216,215.8,0.2,354,106
"Snoop Conner","RB","JAX",216,215.9,0.1,355,107
"Julius Chestnut","RB","TEN",216,216,0,356,108
"Deon Jackson","RB","IND",216,216,0,357,109
"Justice Hill","RB","BAL",216,216,0,358,110
"Keelan Cole","WR","NYJ",216,215.7,0.3,359,150
"Kyle Juszczyk","RB","SF",216,216,0,360,111
"Cade Otton","TE","TB",216,216,0,361,54
"Jake Ferguson","TE","DAL",216,216,0,362,55
"Simi Fehoko","WR","DAL",216,215.9,0.1,363,151
"Gunner Olszewski","WR","PIT",216,216,0,364,152
"Jaret Patterson","RB","WAS",216,216,0,365,112
"Grant Calcaterra","TE","PHI",216,216,0,366,56
"Jonathan Ward","RB","ARI",216,216,0,367,113
"Josiah Deguara","TE","GB",216,215.9,0.1,368,57
"Craig Reynolds","RB","DET",216,216,0,369,114
"David Sills","WR","NYG",216,216,0,370,153
"DJ Turner","WR","LV",216,216,0,371,154
"Jesper Horsted","TE","CHI",216,216,0,372,58
"Antoine Wesley","WR","ARI",216,216,0,373,155
"DeAndre Carter","WR","LAC",216,216,0,374,156
"Zach Pascal","WR","PHI",216,216,0,375,157
"Teddy Bridgewater","QB","MIA",216,216,0,376,47
"Emmanuel Sanders","WR","BUF",216,216,0,377,158
"Darius Slayton","WR","NYG",216,216,0,378,159
"Justin Jackson","RB","LAC",216,216,0,379,115
"Dan Arnold","TE","JAX",216,216,0,380,59
"Kylin Hill","RB","GB",216,216,0,381,116
"Durham Smythe","TE","MIA",216,216,0,382,60
"Tyler Kroft","TE","NYJ",216,216,0,383,61
"T.Y. Hilton","WR","IND",216,216,0,384,160
"Tyler Goodson","RB","GB",216,216,0,385,117
"Jaelon Darden","WR","TB",216,216,0,386,161
"Tyler Badie","RB","BAL",216,215.8,0.2,387,118
"Mike Boone","RB","DEN",216,216,0,388,119
"Dante Pettis","WR","NYG",216,216,0,389,162
"Mike Strachan","WR","IND",216,216,0,390,163
"Cole Beasley","WR","N/A",216,216,0,391,164
"Jonathan Williams","RB","WAS",216,216,0,392,120
"Phillip Dorsett","WR","HOU",216,216,0,393,165
"Kylen Granson","TE","IND",216,216,0,394,62
"Chris Moore","WR","HOU",216,216,0,395,166
"Dareke Young","WR","SEA",216,216,0,396,167
"Skylar Thompson","QB","MIA",216,216,0,397,48
"Marquise Goodwin","WR","CHI",216,216,0,398,168
"Jared Bernhardt","QB","ATL",216,216,0,399,49
"Juwann Winfree","WR","GB",216,216,0,400,169
"Tyler Mabry","TE","SEA",216,216,0,401,63
"Brycen Hopkins","TE","LA",216,216,0,402,64
"Kendall Hinton","WR","DEN",216,216,0,403,170
"Tommy Sweeney","TE","BUF",216,216,0,404,65
"Ron Hunt","WR","NYJ",216,216,0,405,171
"Breshad Perriman","WR","TB",216,216,0,406,172
"Tre'Quan Smith","WR","NO",216,216,0,407,173
"Quintez Cephus","WR","DET",216,216,0,408,174
"Tyron Johnson","WR","LV",216,216,0,409,175
"Anthony Firkser","TE","ATL",216,216,0,410,66
"Damiere Byrd","WR","ATL",216,216,0,411,176
"Joe Flacco","QB","NYJ",216,216,0,412,50
"Gardner Minshew","QB","PHI",216,216,0,413,51
"Andy Dalton","QB","NO",216,216,0,414,52
"Deonte Harty","WR","NO",216,216,0,415,177
"Marcedes Lewis","TE","GB",216,216,0,416,67
"Anthony Schwartz","WR","CLE",216,216,0,417,178
"JaMycal Hasty","RB","SF",216,216,0,418,121
"Abram Smith","RB","NO",216,216,0,419,122
"Jeremy Ruckert","TE","NYJ",216,216,0,420,68
"Larry Rountree","RB","LAC",216,216,0,421,123
"Dare Ogunbowale","RB","HOU",216,216,0,422,124
"Jalen Nailor","WR","MIN",216,216,0,423,179
"Alex Collins","RB","SEA",216,216,0,424,125
"Cole Turner","TE","WAS",216,216,0,425,69
"Maxx Williams","TE","ARI",216,216,0,426,70
"Trent Taylor","WR","CIN",216,216,0,427,180
"Jake Funk","RB","LA",216,216,0,428,126
"Peyton Hendershot","TE","DAL",216,216,0,429,71
"Chris Manhertz","TE","JAX",216,216,0,430,72
"Juwan Johnson","TE","NO",216,216,0,431,73
"Tony Jones","RB","NO",216,216,0,432,127
"Trenton Irwin","WR","CIN",216,216,0,433,181
"Hunter Long","TE","MIA",216,216,0,434,74
"Warren Jackson","WR","LA",216,216,0,435,182
"Carl Tucker","RB","N/A",216,216,0,436,128
"Greg Dortch","WR","ARI",216,216,0,437,183
"Calvin Ridley","WR","ATL",216,215.9,0.1,438,184
"Tony Romo","QB","N/A",216,216,0,439,53
"Tim Jones","WR","JAX",216,216,0,440,185
"Jared Cook","TE","LAC",216,216,0,441,75
"Chris Carson","RB","SEA",216,216,0,442,129
"Greg Ward","WR","PHI",216,216,0,443,186
"Tim Patrick","WR","DEN",216,216,0,444,187
"Danny Amendola","WR","HOU",216,216,0,445,188
"James White","RB","NE",216,216,0,446,130
"Dontario Drummond","WR","DAL",216,216,0,447,189
"Kalen Ballage","RB","PIT",216,216,0,448,131
"Willie Snead","WR","N/A",216,216,0,449,190
"Chris Conley","WR","HOU",216,215.9,0.1,450,191
"Carlos Hyde","RB","N/A",216,216,0,451,132
"Justyn Ross","WR","KC",216,216,0,452,192
"Jordan Love","QB","GB",216,216,0,453,54
"Keke Coutee","WR","IND",216,216,0,454,193
"Cam Sims","WR","WAS",216,216,0,455,194
"Jakeem Grant","WR","CLE",216,216,0,456,195
"Tre Turner","WR","LV",216,216,0,457,196
"Laquon Treadwell","WR","JAX",216,216,0,458,197
"Preston Williams","WR","MIA",216,216,0,459,198
"Darren Fells","TE","N/A",216,216,0,460,76
"Mike Glennon","QB","NYG",216,216,0,461,55
"Jordan Akins","TE","NYG",216,216,0,462,77
"Dyami Brown","WR","WAS",216,216,0,463,199
"Charleston Rambo","WR","CAR",216,216,0,464,200
"Ricky Seals-Jones","TE","NYG",216,216,0,465,78
"Jalen Wydermyer","TE","BUF",216,216,0,466,79
"Deven Thompkins","WR","TB",216,216,0,467,201
"Miles Boykin","WR","PIT",216,216,0,468,202
"Eric Ebron","TE","N/A",216,216,0,469,80
"Drew Sample","TE","CIN",216,216,0,470,81
"Chris Herndon","TE","MIN",216,216,0,471,82
"N'Keal Harry","WR","NE",216,216,0,472,203
"Jordan Wilkins","RB","TEN",216,216,0,473,133
"Travis Fulgham","WR","DEN",216,216,0,474,204
"Brandon Allen","QB","CIN",216,216,0,475,56
"Jacob Hollister","TE","LV",216,216,0,476,83
"Salvon Ahmed","RB","MIA",216,216,0,477,134
"Peyton Barber","RB","LV",216,216,0,478,135
"Richie James","WR","NYG",216,216,0,479,205
"D'Vonte Price","RB","IND",216,216,0,480,136
"C.J. Beathard","QB","JAX",216,216,0,481,57
"Jerreth Sterns","WR","TB",216,216,0,482,206
"Taylor Heinicke","QB","WAS",216,216,0,483,58
"DaeSean Hamilton","WR","HOU",216,216,0,484,207
"Mike Harley","WR","CLE",216,216,0,485,208
"Reggie Roberson","WR","TEN",216,216,0,486,209
"Darrynton Evans","RB","CHI",216,216,0,487,137
"Collin Johnson","WR","NYG",216,216,0,488,210
"Malcolm Brown","RB","MIA",216,216,0,489,138
"Will Dissly","TE","SEA",216,216,0,490,84
"Nick Mullens","QB","LV",216,216,0,491,59
"Ty Fryfogle","WR","DAL",216,216,0,492,211
"La'Mical Perine","RB","NYJ",216,216,0,493,139
"Adam Humphries","WR","WAS",216,216,0,494,212
"Kyle Allen","QB","HOU",216,216,0,495,60
"Marquez Stevenson","WR","BUF",216,216,0,496,213
"Devontae Booker","RB","N/A",216,216,0,497,140
"Steven Sims","WR","PIT",216,216,0,498,214
"Matt Corral","QB","CAR",216,216,0,499,61
"Latavius Murray","RB","BAL",216,216,0,500,141
"Isaiah Ford","WR","MIA",216,216,0,501,215
"Jalen Richard","RB","N/A",216,216,0,502,142
"James O'Shaughnessy","TE","CHI",216,216,0,503,85
"Ross Dwelley","TE","SF",216,216,0,504,86
"Lynn Bowden","WR","MIA",216,216,0,505,216
"Cam Newton","QB","N/A",216,216,0,506,62
"Adam Shaheen","TE","MIA",216,216,0,507,87
"Carson Strong","QB","PHI",216,216,0,508,63
"Slade Bolden","WR","BAL",216,216,0,509,217
"Jeremy McNichols","RB","N/A",216,216,0,510,143
"Leddie Brown","RB","LAC",216,216,0,511,144
"Mohamed Sanu","WR","SF",216,216,0,512,218
"Pharaoh Brown","TE","HOU",216,216,0,513,88
"Freddie Swain","WR","SEA",216,216,0,514,219
"Stanley Berryhill","WR","ATL",216,216,0,515,220
"Charlie Kolar","TE","BAL",216,216,0,516,89
"Marcus Johnson","WR","SF",216,216,0,517,221
"Devonta Freeman","RB","BAL",216,216,0,518,145
"Osirus Mitchell","WR","N/A",216,216,0,519,222
"Tyler Vaughns","WR","PIT",216,216,0,520,223
"Dazz Newsome","WR","CHI",216,216,0,521,224
"Cornell Powell","WR","KC",216,216,0,522,225
"Seth Williams","WR","DEN",216,216,0,523,226
"Nick Foles","QB","CHI",216,216,0,524,64
"Jeff Driskel","TE","HOU",216,216,0,525,90
"Jesse James","TE","CHI",216,216,0,526,91
"Jerrion Ealy","RB","KC",216,216,0,527,146
"Anthony Miller","WR","PIT",216,216,0,528,227
"Royce Freeman","RB","HOU",216,216,0,529,147
"Clint Ratkovich","RB","N/A",216,216,0,530,148
"Sam Ehlinger","QB","IND",216,216,0,531,65
"Kellen Mond","QB","MIN",216,216,0,532,66
"Nick Boyle","TE","BAL",216,216,0,533,92
"Jordan Howard","RB","PHI",216,216,0,534,149
"Darwin Thompson","RB","SEA",216,216,0,535,150
"Jaivon Heiligh","WR","CIN",216,216,0,536,228
"Max Borghi","RB","IND",216,216,0,537,151
"Kevin Harris","RB","NE",216,216,0,538,152
"Raheem Blackshear","RB","BUF",216,216,0,539,153
"Bisi Johnson","WR","MIN",216,216,0,540,229
"Bo Melton","WR","SEA",216,216,0,541,230
"Sincere McCormick","RB","SEA",216,216,0,542,154
"Kenny Stills","WR","NO",216,216,0,543,231
"MyCole Pruitt","TE","TEN",216,216,0,544,93
"Trey Ragas","RB","LV",216,216,0,545,155
"Jeff Smith","WR","NYJ",216,216,0,546,232
"KeeSean Johnson","WR","SF",216,216,0,547,233
"Ryan Izzo","TE","TEN",216,216,0,548,94
"Cameron Batson","WR","TEN",216,216,0,549,234
"Kaylon Geiger","WR","TB",216,216,0,550,235
"John Hightower","WR","PHI",216,216,0,551,236
"Brandon Powell","WR","LA",216,216,0,552,237
"Khadarel Hodge","WR","ATL",216,216,0,553,238
"Jace Sternberger","TE","PIT",216,216,0,554,95
"Alec Ingold","RB","MIA",216,216,0,555,156
"Javon McKinley","WR","DET",216,216,0,556,239
"Kalif Raymond","WR","DET",216,216,0,557,240
"Kaden Smith","TE","N/A",216,216,0,558,96
"Jermar Jefferson","RB","DET",216,216,0,559,157
"Auden Tate","WR","ATL",216,216,0,560,241
"C.J. Ham","RB","MIN",216,216,0,561,158
"Shane Buechele","QB","KC",216,216,0,562,67
"Braden Galloway","TE","N/A",216,216,0,563,97
"Christian Blake","WR","N/A",216,216,0,564,242
"Cam'Ron Harris","RB","N/A",216,216,0,565,159
"Sam Darnold","QB","CAR",216,216,0,566,68
"Britain Covey","WR","PHI",216,216,0,567,243
"ZaQuandre White","RB","MIA",216,216,0,568,160
"Malcolm Perry","WR","N/A",216,216,0,569,244
"Jashuan Corbin","RB","NYG",216,216,0,570,161
"Anthony McFarland","RB","PIT",216,216,0,571,162
"Mason Rudolph","QB","PIT",216,216,0,572,69
"Trayveon Williams","RB","CIN",216,216,0,573,163
"Darrell Daniels","TE","ARI",216,216,0,574,98
"Geoff Swaim","TE","TEN",216,216,0,575,99
"Emeka Emezie","WR","BAL",216,216,0,576,245
"Gary Brightwell","RB","NYG",216,216,0,577,164
"Corey Clement","RB","DAL",216,216,0,578,165
"John Bates","TE","WAS",216,216,0,579,100
"Zach Davidson","TE","MIN",216,216,0,580,101
"Jacob Harris","TE","LA",216,216,0,581,102
"Troy Fumagalli","TE","NE",216,216,0,582,103
"Gabe Nabers","RB","LAC",216,216,0,583,166
"Lee Smith","TE","N/A",216,216,0,584,104
"Frank Darby","WR","ATL",216,216,0,585,246
"Nick Muse","TE","MIN",216,216,0,586,105
"Brandon Zylstra","WR","CAR",216,216,0,587,247
"Patrick Laird","RB","MIA",216,216,0,588,167
"CJ Verdell","RB","IND",216,216,0,589,168
"Blake Bell","TE","KC",216,216,0,590,106
"Ryan Nall","RB","DAL",216,216,0,591,169
"Alex Erickson","WR","CAR",216,216,0,592,248
"Kennedy Brooks","RB","PHI",216,216,0,593,170
"Malik Taylor","WR","GB",216,216,0,594,249
"Tre Nixon","WR","NE",216,216,0,595,250
"Garrett Gilbert","QB","LV",216,216,0,596,70
"Blaine Gabbert","QB","TB",216,216,0,597,71
"Brett Rypien","QB","DEN",216,216,0,598,72
"Stephen Anderson","TE","ARI",216,216,0,599,107
"Tarik Cohen","RB","N/A",216,216,0,600,171
"Kenny Yeboah","TE","NYJ",216,216,0,601,108
"Jimmy Graham","TE","CHI",216,216,0,602,109
"Luke Farrell","TE","JAX",216,216,0,603,110
"Chase Daniel","QB","LAC",216,216,0,604,73
"Master Teague","RB","CHI",216,216,0,605,172
"John Wolford","QB","LA",216,216,0,606,74
"Phillip Walker","QB","CAR",216,216,0,607,75
"Jakob Johnson","RB","LV",216,216,0,608,173
"Jack Coan","QB","IND",216,216,0,609,76
"Ryan Griffin","QB","TB",216,216,0,610,77
"Patrick Ricard","RB","BAL",216,216,0,611,174
"Brittain Brown","RB","LV",216,216,0,612,175
"Lil'Jordan Humphrey","WR","NO",216,216,0,613,251
"Keith Smith","RB","ATL",216,216,0,614,176
"Diontae Spencer","WR","DEN",216,216,0,615,252
"J.J. Taylor","RB","NE",216,216,0,616,177
"Jaylen Samuels","RB","ARI",216,216,0,617,178
"Devin Asiasi","TE","NE",216,216,0,618,111
"Matt Barkley","QB","BUF",216,216,0,619,78
"Gerrid Doaks","RB","MIA",216,216,0,620,179
"Dominique Dafney","TE","GB",216,216,0,621,112
"Feleipe Franks","QB","ATL",216,216,0,622,79
"Trace McSorley","QB","ARI",216,216,0,623,80
"Tyrie Cleveland","WR","DEN",216,216,0,624,253
"Pooka Williams","WR","CIN",216,216,0,625,254
"Bailey Zappe","QB","NE",216,216,0,626,81
"Zonovan Knight","RB","NYJ",216,216,0,627,180
"Joe Reed","WR","LAC",216,216,0,628,255
"KJ Hill","WR","N/A",216,216,0,629,256
"Devine Ozigbo","RB","NE",216,216,0,630,181
"Jake Kumerow","WR","BUF",216,216,0,631,257
"Reggie Gilliam","RB","BUF",216,216,0,632,182
"Chris Streveler","QB","MIA",216,216,0,633,82
"Ja'Marcus Bradley","WR","CLE",216,216,0,634,258
"Cade Johnson","WR","SEA",216,216,0,635,259
"Demetrius Harris","TE","ARI",216,216,0,636,113
"Cethan Carter","TE","MIA",216,216,0,637,114
"Johnny Mundt","TE","MIN",216,216,0,638,115
"Jaydon Mickens","WR","JAX",216,216,0,639,260
"Colin Thompson","TE","CAR",216,216,0,640,116
"Buddy Howell","RB","LA",216,216,0,641,183
"River Cracraft","WR","MIA",216,216,0,642,261
"Levine Toilolo","TE","N/A",216,216,0,643,117
"Deon Yelder","TE","ARI",216,216,0,644,118
"Ben DiNucci","QB","DAL",216,216,0,645,83
"Jason Croom","TE","PHI",216,216,0,646,119
"Michael Burton","RB","KC",216,216,0,647,184
"Trenton Cannon","RB","TEN",216,216,0,648,185
"James Mitchell","TE","DET",216,216,0,649,120
"Connor Heyward","TE","PIT",216,216,0,650,121
"Khari Blasingame","RB","CHI",216,216,0,651,186
"Lucas Krull","TE","NO",216,216,0,652,122
"Tanner Hudson","TE","SF",216,216,0,653,123
"Charlie Woerner","TE","SF",216,216,0,654,124
"Terry Godwin","WR","JAX",216,216,0,655,262
"Kahale Warring","TE","JAX",216,216,0,656,125
"Hunter Bryant","TE","N/A",216,216,0,657,126
"Robert Foster","WR","NYG",216,216,0,658,263
"Elijhaa Penny","RB","NYG",216,216,0,659,187
"Dustin Crum","QB","KC",216,216,0,660,84
"Jaeden Graham","TE","N/A",216,216,0,661,127
"Stephen Carlson","TE","CLE",216,216,0,662,128
"Ben Ellefson","TE","MIN",216,216,0,663,129
"Daurice Fountain","WR","KC",216,216,0,664,264
"Eric Saubert","TE","DEN",216,216,0,665,130
"Dalton Keene","TE","NE",216,216,0,666,131
"Antonio Gandy-Golden","WR","WAS",216,216,0,667,265
"Brian Hoyer","QB","NE",216,216,0,668,85
"David Blough","QB","DET",216,216,0,669,86
"Andy Janovich","RB","HOU",216,216,0,670,188
"John Ross","WR","NYG",216,216,0,671,266
"Penny Hart","WR","SEA",216,216,0,672,267
"Colby Parkinson","TE","SEA",216,216,0,673,132
"Matt Slater","WR","NE",216,216,0,674,268
"Tavon Austin","WR","JAX",216,216,0,675,269
"Rico Dowdle","RB","DAL",216,216,0,676,189
"Jason Huntley","RB","PHI",216,216,0,677,190
"Joshua Dobbs","QB","CLE",216,216,0,678,87
"Scottie Phillips","RB","HOU",216,216,0,679,191
"Nathan Peterman","QB","N/A",216,216,0,680,88
"Derek Carrier","TE","LV",216,216,0,681,133
"Nick Bellore","RB","SEA",216,216,0,682,192
"Keith Kirkwood","WR","N/A",216,216,0,683,270
"Vyncint Smith","WR","TB",216,216,0,684,271
"Case Keenum","QB","BUF",216,216,0,685,89
"Cody Hollister","WR","TEN",216,216,0,686,272
"Blake Jarwin","TE","N/A",216,216,0,687,134
"Marcus Kemp","WR","KC",216,216,0,688,273
"Dwayne Washington","RB","NO",216,216,0,689,193
"Gehrig Dieter","WR","KC",216,216,0,690,274
"Logan Woodside","QB","TEN",216,216,0,691,90
"Cullen Gillaspia","RB","NYG",216,216,0,692,194
"Taiwan Jones","RB","BUF",216,216,0,693,195
"Jeremy Sprinkle","TE","DAL",216,216,0,694,135
"Andre Roberts","WR","LAC",216,216,0,695,275
"Dede Westbrook","WR","MIN",216,216,0,696,276
"AJ McCarron","QB","N/A",216,216,0,697,91
"Elijah McGuire","RB","N/A",216,216,0,698,196
"Darrius Shepherd","WR","N/A",216,216,0,699,277
"John Ursua","WR","SEA",216,216,0,700,278
"Da'Mari Scott","WR","N/A",216,216,0,701,279
"Benny LeMay","RB","N/A",216,216,0,702,197
"Josh Imatorbhebhe","WR","N/A",216,216,0,703,280
"Isaiah Coulter","WR","CHI",216,216,0,704,281
"Cooper Rush","QB","DAL",216,216,0,705,92
"Mike White","QB","NYJ",216,216,0,706,93
"Hale Hentges","TE","N/A",216,216,0,707,136
"Kelvin Harmon","WR","WAS",216,216,0,708,282
"Matt Seybert","TE","N/A",216,216,0,709,137
"Albert Wilson","WR","MIA",216,216,0,710,283
"Chris Myarick","TE","NYG",216,216,0,711,138
"J.P. Holtz","TE","NO",216,216,0,712,139
"Samson Nacua","WR","IND",216,216,0,713,284
"Nick Keizer","TE","N/A",216,216,0,714,140
"Cole Wick","TE","N/A",216,216,0,715,141
"De'Quan Hampton","WR","N/A",216,216,0,716,285
"Braylon Sanders","WR","MIA",216,216,0,717,286
"Cam Sutton","TE","N/A",216,216,0,718,142
"DeMichael Harris","WR","IND",216,216,0,719,287
"Levi Lewis","QB","SEA",216,216,0,720,94
"Chester Rogers","WR","TEN",216,216,0,721,288
"Jay Cutler","QB","N/A",216,216,0,722,95
"Scotty Washington","TE","CIN",216,216,0,723,143
"Darion Clark","TE","N/A",216,216,0,724,144
"Jake Tonges","TE","CHI",216,216,0,725,145
"Felix Harper","QB","CLE",216,216,0,726,96
"Ricky Person","RB","BAL",216,216,0,727,198
"Jason Witten","TE","N/A",216,216,0,728,146
"Alfred Morris","RB","N/A",216,216,0,729,199
"Tony Poljan","TE","BAL",216,216,0,730,147
"Jared Pinkney","TE","DET",216,216,0,731,148
"Patrick Taylor","RB","GB",216,216,0,732,200
"Mike Thomas","WR","CIN",216,216,0,733,289
"Kevin Shaa","WR","CHI",216,216,0,734,290
"Devon Williams","WR","BAL",216,216,0,735,291
"Kevin Hogan","QB","TEN",216,216,0,736,97
"Briley Moore-McKinney","TE","TEN",216,216,0,737,149
"Thaddeus Moss","TE","CIN",216,216,0,738,150
"Jeremiah Hall","RB","NYG",216,216,0,739,201
"Marshawn Lynch","RB","N/A",216,216,0,740,202
"Clayton Thorson","QB","N/A",216,216,0,741,98
"Brennan Eagles","WR","N/A",216,216,0,742,292
"Gabe Holmes","TE","N/A",216,216,0,743,151
"Darius Clark","RB","N/A",216,216,0,744,203
"Duke Johnson","RB","BUF",216,216,0,745,204
"Tyshaun James","WR","ATL",216,216,0,746,293
"Mitchell Wilcox","TE","CIN",216,216,0,747,152
"Ben Koyack","TE","N/A",216,216,0,748,153
"Adam Prentice","RB","NO",216,216,0,749,205
"Kai Locksley","WR","N/A",216,216,0,750,294
"Antoine Winfield","WR","N/A",216,216,0,751,295
"Michael Warren","RB","N/A",216,216,0,752,206
"DeShone Kizer","QB","N/A",216,216,0,753,99
"Raymond Calais","RB","LA",216,216,0,754,207
"Justin Rigg","TE","CIN",216,216,0,755,154
"Ryan Fitzpatrick","QB","WAS",216,216,0,756,100
"Elijah Holyfield","RB","CIN",216,216,0,757,208
"Darvin Kidsy","WR","N/A",216,216,0,758,296
"Sean Culkin","TE","N/A",216,216,0,759,155
"Ryan Becker","TE","ATL",216,216,0,760,156
"Steven Mitchell","WR","N/A",216,216,0,761,297
"Kaleb Eleby","QB","SEA",216,216,0,762,101
"Andrew Luck","QB","N/A",216,216,0,763,102
"Davis Webb","QB","NYG",216,216,0,764,103
"Geremy Davis","WR","N/A",216,216,0,765,298
"Brandon Peters","QB","LAC",216,216,0,766,104
"T.J. Vasher","WR","DAL",216,216,0,767,299
"Zach Gentry","TE","PIT",216,216,0,768,157
"Jaron Brown","WR","N/A",216,216,0,769,300
"Luke Willson","TE","N/A",216,216,0,770,158
"Wes Hills","RB","N/A",216,216,0,771,209
"Devin Ross","WR","N/A",216,216,0,772,301
"Dillon Stoner","WR","LV",216,216,0,773,302
"J.J. Koski","WR","LA",216,216,0,774,303
"Tommy Bohanon","RB","N/A",216,216,0,775,210
"Ryquell Armstead","RB","JAX",216,216,0,776,211
"D'Eriq King","QB","NE",216,216,0,777,105
"Khari Lee","TE","N/A",216,216,0,778,159
"Tory Carter","RB","TEN",216,216,0,779,212
"Myron Mitchell","WR","MIN",216,216,0,780,304
"Vance McDonald","TE","N/A",216,216,0,781,160
"Brock Wright","TE","DET",216,216,0,782,161
"Stone Smartt","TE","LAC",216,216,0,783,162
"Blake Proehl","WR","MIN",216,216,0,784,305
"Garrett Griffin","TE","DET",216,216,0,785,163
"Spencer Brown","RB","CAR",216,216,0,786,213
"Josh Ferguson","RB","N/A",216,216,0,787,214
"Mekhi Sargent","RB","JAX",216,216,0,788,215
"Easton Stick","QB","LAC",216,216,0,789,106
"Aaron Fuller","WR","SEA",216,216,0,790,306
"Javonta Payton","WR","ARI",216,216,0,791,307
"Khalfani Muhammad","RB","N/A",216,216,0,792,216
"Trae Berry","TE","N/A",216,216,0,793,164
"Jaylen Smith","WR","N/A",216,216,0,794,308
"Tavien Feaster","RB","N/A",216,216,0,795,217
"Tyreik McAllister","RB","DEN",216,216,0,796,218
"Trey Burton","TE","N/A",216,216,0,797,165
"Dylan Cantrell","TE","WAS",216,216,0,798,166
"Austin Trammell","WR","ATL",216,216,0,799,309
"Ricky Ortiz","RB","N/A",216,216,0,800,219
"Ishmael Hyman","WR","N/A",216,216,0,801,310
"Daylen Baldwin","WR","NYG",216,216,0,802,311
"Brenden Knox","RB","N/A",216,216,0,803,220
"Brett Hundley","QB","N/A",216,216,0,804,107
"Godwin Igwebuike","RB","DET",216,216,0,805,221
"Kristian Wilkerson","WR","NE",216,216,0,806,312
"Josh Rosen","QB","N/A",216,216,0,807,108
"Jeff Badet","WR","N/A",216,216,0,808,313
"Keke Chism","WR","GB",216,216,0,809,314
"Jordan Franks","TE","N/A",216,216,0,810,167
"Tommy Hudson","TE","TEN",216,216,0,811,168
"Xavier Grimble","TE","N/A",216,216,0,812,169
"Manasseh Bailey","WR","N/A",216,216,0,813,315
"Juwan Green","WR","DEN",216,216,0,814,316
"Jack Doyle","TE","N/A",216,216,0,815,170
"Artayvious Lynn","TE","N/A",216,216,0,816,171
"Christian Wade","RB","N/A",216,216,0,817,222
"Jacob Eason","QB","SEA",216,216,0,818,109
"Dezmon Patmon","WR","IND",216,216,0,819,317
"Darius Jackson","RB","N/A",216,216,0,820,223
"Mike Woods","WR","CLE",216,216,0,821,318
"Ryan Finley","QB","N/A",216,216,0,822,110
"Thomas Ives","WR","N/A",216,216,0,823,319
"Kevin Marks","RB","LAC",216,216,0,824,224
"Andrew Beck","RB","DEN",216,216,0,825,225
"Easop Winston","WR","NO",216,216,0,826,320
"Chris Oladokun","QB","PIT",216,216,0,827,111
"Trevor Davis","WR","N/A",216,216,0,828,321
"Rodney Smith","RB","N/A",216,216,0,829,226
"Bryce Love","RB","N/A",216,216,0,830,227
"Isaiah McKoy","WR","N/A",216,216,0,831,322
"John Hurst","WR","N/A",216,216,0,832,323
"A.J. Richardson","WR","N/A",216,216,0,833,324
"Sutton Smith","RB","LV",216,216,0,834,228
"Jamize Olawale","RB","N/A",216,216,0,835,229
"Austin Allen","TE","NYG",216,216,0,836,172
"Austin Walter","RB","NYJ",216,216,0,837,230
"Alex Taylor","TE","N/A",216,216,0,838,173
"Davion Davis","WR","HOU",216,216,0,839,325
"Will Grier","QB","DAL",216,216,0,840,112
"Trevon Bradford","WR","LAC",216,216,0,841,326
"Tim Tebow","TE","N/A",216,216,0,842,174
"Tyrone Swoopes","TE","N/A",216,216,0,843,175
"Ben Mason","RB","N/A",216,216,0,844,231
"Marqise Lee","WR","N/A",216,216,0,845,327
"Daniel Brown","TE","NYJ",216,216,0,846,176
"Dan Chisena","WR","MIN",216,216,0,847,328
"Matt LaCosse","TE","N/A",216,216,0,848,177
"Richard Rodgers","TE","PHI",216,216,0,849,178
"Pro Wells","TE","N/A",216,216,0,850,179
"C.J. Saunders","WR","CAR",216,216,0,851,329
"Andrew Ogletree","TE","IND",216,216,0,852,180
"Bennie Fowler","WR","N/A",216,216,0,853,330
"Chad Hansen","WR","ATL",216,216,0,854,331
"Andrew Parchment","WR","CAR",216,216,0,855,332
"Kawaan Baker","WR","NO",216,216,0,856,333
"Travis Jonsen","WR","TB",216,216,0,857,334
"Kyle Lauletta","QB","N/A",216,216,0,858,113
"Josh Oliver","TE","BAL",216,216,0,859,181
"Ian Book","QB","NO",216,216,0,860,114
"Garrett Groshek","RB","N/A",216,216,0,861,232
"B.J. Emmons","RB","N/A",216,216,0,862,233
"Jontre Kirklin","WR","ARI",216,216,0,863,335
"Quartney Davis","WR","IND",216,216,0,864,336
"Kyle Shurmur","QB","N/A",216,216,0,865,115
"Karan Higdon","RB","N/A",216,216,0,866,234
"Mataeo Durant","RB","PIT",216,216,0,867,235
"Ethan Wolf","TE","NO",216,216,0,868,182
"Stephen Guidry","WR","N/A",216,216,0,869,337
"Daniel Crawford","TE","N/A",216,216,0,870,183
"Austin Carr","WR","N/A",216,216,0,871,338
"J'Mon Moore","WR","N/A",216,216,0,872,339
"Cyril Grayson","WR","TB",216,216,0,873,340
"Malik Turner","WR","SF",216,216,0,874,341
"Charles Jones","TE","N/A",216,216,0,875,184
"Kevin Austin","WR","JAX",216,216,0,876,342
"Jalen McCleskey","WR","NO",216,216,0,877,343
"Devin Funchess","WR","N/A",216,216,0,878,344
"Tanner Gentry","WR","BUF",216,216,0,879,345
"Javian Hawkins","RB","LA",216,216,0,880,236
"Derrick Dillon","WR","N/A",216,216,0,881,346
"Charlie Taumoepeau","TE","N/A",216,216,0,882,185
"Tyree Jackson","TE","PHI",216,216,0,883,186
"Sammis Reyes","TE","WAS",216,216,0,884,187
"Rashard Davis","WR","N/A",216,216,0,885,347
"Marken Michel","WR","WAS",216,216,0,886,348
"BJ Baylor","RB","GB",216,216,0,887,237
"Reid Sinnett","QB","PHI",216,216,0,888,116
"Malik Smith","TE","CLE",216,216,0,889,188
"Maurice Ffrench","WR","LAC",216,216,0,890,349
"Jake Browning","QB","CIN",216,216,0,891,117
"Rysen John","TE","NYG",216,216,0,892,189
"Alex Smith","QB","N/A",216,216,0,893,118
"Reggie Begelton","WR","N/A",216,216,0,894,350
"Paul Quessenberry","TE","HOU",216,216,0,895,190
"Golden Tate","WR","N/A",216,216,0,896,351
"Branden Mack","WR","N/A",216,216,0,897,352
"Jhamon Ausbon","WR","N/A",216,216,0,898,353
"DeAndre Washington","RB","N/A",216,216,0,899,238
"Dylan Parham","TE","DEN",216,216,0,900,191
"Josh McCown","QB","N/A",216,216,0,901,119
"Rico Bussey","WR","PIT",216,216,0,902,354
"Anthony Turner","WR","GB",216,216,0,903,355
"Jester Weah","WR","N/A",216,216,0,904,356
"Henry Litwin","WR","CHI",216,216,0,905,357
"Aaron Shampklin","RB","DAL",216,216,0,906,239
"Dominick Wood-Anderson","TE","N/A",216,216,0,907,192
"Tyler Bray","QB","N/A",216,216,0,908,120
"Amara Darboh","WR","N/A",216,216,0,909,358
"Matt Cole","WR","SEA",216,216,0,910,359
"D.J. Montgomery","WR","NYJ",216,216,0,911,360
"Jacob Dolegala","QB","N/A",216,216,0,912,121
"Jordan Ta'amu","QB","N/A",216,216,0,913,122
"Marcus Green","WR","N/A",216,216,0,914,361
"Malik Henry","WR","N/A",216,216,0,915,362
"Shawn Poindexter","WR","N/A",216,216,0,916,363
"Davis Cheek","QB","CAR",216,216,0,917,123
"Cody Thompson","WR","SEA",216,216,0,918,364
"Taylor Gabriel","WR","N/A",216,216,0,919,365
"Zander Horvath","RB","LAC",216,216,0,920,240
"D.J. Foster","RB","N/A",216,216,0,921,241
"Aaron Parker","WR","CAR",216,216,0,922,366
"Sean McKeon","TE","DAL",216,216,0,923,193
"Josh Hokit","RB","SF",216,216,0,924,242
"Nate McCrary","RB","BAL",216,216,0,925,243
"Cary Angeline","TE","N/A",216,216,0,926,194
"Nakia Griffin-Stewart","TE","KC",216,216,0,927,195
"Anthony Sherman","RB","N/A",216,216,0,928,244
"Nick Ralston","RB","DAL",216,216,0,929,245
"DeAndre Thompkins","WR","N/A",216,216,0,930,367
"Delanie Walker","TE","N/A",216,216,0,931,196
"Nick Eubanks","TE","CIN",216,216,0,932,197
"Chad Beebe","WR","N/A",216,216,0,933,368
"Jeff Cotton","WR","JAX",216,216,0,934,369
"Marvin Hall","WR","N/A",216,216,0,935,370
"Tevin Jones","WR","N/A",216,216,0,936,371
"Chase Harrell","TE","N/A",216,216,0,937,198
"Jerome Cunningham","TE","N/A",216,216,0,938,199
"Dalton Schoen","WR","N/A",216,216,0,939,372
"Brian Hill","RB","SF",216,216,0,940,246
"Ito Smith","RB","N/A",216,216,0,941,247
"Jordan Scarlett","RB","N/A",216,216,0,942,248
"Zaire Mitchell-Paden","TE","CLE",216,216,0,943,200
"Isaiah Weston","TE","CIN",216,216,0,944,201
"Johnnie Dixon","WR","N/A",216,216,0,945,373
"Nsimba Webster","WR","CHI",216,216,0,946,374
"Trevon Clark","WR","BAL",216,216,0,947,375
"John Raine","TE","ATL",216,216,0,948,202
"Rashod Berry","TE","N/A",216,216,0,949,203
"Ted Ginn","WR","N/A",216,216,0,950,376
"Eric Tomlinson","TE","DEN",216,216,0,951,204
"Derrius Guice","RB","N/A",216,216,0,952,249
"John Fitzpatrick","TE","ATL",216,216,0,953,205
"Drew Estrada","WR","HOU",216,216,0,954,377
"Sean Mannion","QB","MIN",216,216,0,955,124
"Farrod Green","TE","IND",216,216,0,956,206
"Tyler Ervin","RB","N/A",216,216,0,957,250
"Colin Kaepernick","QB","N/A",216,216,0,958,125
"Keelan Doss","WR","DEN",216,216,0,959,378
"Virgil Green","TE","N/A",216,216,0,960,207
"Dedrick Mills","RB","N/A",216,216,0,961,251
"Shemar Bridges","WR","BAL",216,216,0,962,379
"Donte Moncrief","WR","N/A",216,216,0,963,380
"Larry Fitzgerald","WR","N/A",216,216,0,964,381
"Jalin Moore","RB","N/A",216,216,0,965,252
"Matt Schaub","QB","N/A",216,216,0,966,126
"Nick Guggemos","TE","CLE",216,216,0,967,208
"John Kelly","RB","CLE",216,216,0,968,253
"Kyle Markway","TE","LA",216,216,0,969,209
"Michael Bandy","WR","LAC",216,216,0,970,382
"JoJo Natson","WR","N/A",216,216,0,971,383
"Derrick Deese","TE","DET",216,216,0,972,210
"Jalen Virgil","WR","DEN",216,216,0,973,384
"Connor Davis","TE","N/A",216,216,0,974,211
"Savon Scarver","WR","CHI",216,216,0,975,385
"Jack Stoll","TE","PHI",216,216,0,976,212
"Case Cookus","QB","N/A",216,216,0,977,127
"Chandler Cox","RB","N/A",216,216,0,978,254
"Emanuel Hall","WR","N/A",216,216,0,979,386
"Nathan Cottrell","RB","JAX",216,216,0,980,255
"Graham Adomitis","TE","N/A",216,216,0,981,213
"Riley Ridley","WR","N/A",216,216,0,982,387
"Shermari Jones","RB","CIN",216,216,0,983,256
"JoJo Ward","WR","N/A",216,216,0,984,388
"Joe Webb","QB","N/A",216,216,0,985,128
"Deon Cain","WR","PHI",216,216,0,986,389
"Tyler Simmons","WR","N/A",216,216,0,987,390
"Reece Horn","WR","N/A",216,216,0,988,391
"C.J. Board","WR","NYG",216,216,0,989,392
"Matt Sokol","TE","DET",216,216,0,990,214
"Cole McDonald","QB","N/A",216,216,0,991,129
"Connor Wedington","WR","SF",216,216,0,992,393
"Dalyn Dawkins","RB","N/A",216,216,0,993,257
"Damon Hazelton","WR","HOU",216,216,0,994,394
"Taysir Mack","WR","SF",216,216,0,995,395
"Mike Weber","RB","N/A",216,216,0,996,258
"Le'Veon Bell","RB","N/A",216,216,0,997,259
"Michael Young","WR","IND",216,216,0,998,396
"Patrick DiMarco","RB","N/A",216,216,0,999,260
"Jalen Hurd","WR","N/A",216,216,0,1000,397
"De'Lance Turner","RB","N/A",216,216,0,1001,261
"Damion Ratley","WR","N/A",216,216,0,1002,398
"Landon Lenoir","WR","CHI",216,216,0,1003,399
"Kenjon Barner","RB","TB",216,216,0,1004,262
"Dontrelle Inman","WR","N/A",216,216,0,1005,400
"Chris Thompson","WR","N/A",216,216,0,1006,401
"Nolan Given","TE","DET",216,216,0,1007,215
"Chris Hogan","WR","N/A",216,216,0,1008,402
"Jaylon Moore","WR","BAL",216,216,0,1009,403
"Darius Anderson","RB","HOU",216,216,0,1010,263
"Ian Bunting","TE","DAL",216,216,0,1011,216
"Bug Howard","TE","N/A",216,216,0,1012,217
"Chase Garbers","QB","LV",216,216,0,1013,130
"Carson Meier","TE","N/A",216,216,0,1014,218
"Terrelle Pryor","WR","N/A",216,216,0,1015,404
"Damarea Crockett","RB","DEN",216,216,0,1016,264
"Ross Travis","TE","N/A",216,216,0,1017,219
"Paul Richardson","WR","N/A",216,216,0,1018,405
"Cole Fotheringham","TE","LV",216,216,0,1019,220
"De'Mornay Pierson-El","WR","N/A",216,216,0,1020,406
"Chris Lacy","WR","N/A",216,216,0,1021,407
"Corey Sutton","WR","DET",216,216,0,1022,408
"Trey Quinn","WR","DEN",216,216,0,1023,409
"Jordan Chunn","RB","N/A",216,216,0,1024,265
"Josh Adams","RB","NO",216,216,0,1025,266
"Brandon Johnson","WR","DEN",216,216,0,1026,410
"Quincy Adeboyejo","WR","N/A",216,216,0,1027,411
"Mathew Sexton","WR","N/A",216,216,0,1028,412
"Brock Purdy","QB","SF",216,216,0,1029,131
"Dion Lewis","RB","N/A",216,216,0,1030,267
"Sewo Olonilua","RB","DAL",216,216,0,1031,268
"Andre Baccellia","WR","ARI",216,216,0,1032,413
"Steven Montez","QB","DET",216,216,0,1033,132
"Kekoa Crawford","WR","IND",216,216,0,1034,414
"Bryant Koback","RB","MIN",216,216,0,1035,269
"Dax Milne","WR","WAS",216,216,0,1036,415
"Luke Stocker","TE","MIN",216,216,0,1037,221
"Josh Babicz","TE","CAR",216,216,0,1038,222
"Stephen Sullivan","TE","CAR",216,216,0,1039,223
"Ko Kieft","TE","TB",216,216,0,1040,224
"Micah Simon","WR","N/A",216,216,0,1041,416
"Curtis Hodges","TE","WAS",216,216,0,1042,225
"Demaryius Thomas","TE","N/A",216,216,0,1043,226
"Trevon Grimes","WR","N/A",216,216,0,1044,417
"Xavier Jones","RB","N/A",216,216,0,1045,270
"John Franklin","WR","N/A",216,216,0,1046,418
"Brandon Dillon","TE","NYJ",216,216,0,1047,227
"Michael Walker","WR","N/A",216,216,0,1048,419
"Jacob Breeland","TE","N/A",216,216,0,1049,228
"Danny Davis","WR","GB",216,216,0,1050,420
"Jequez Ezzard","WR","WAS",216,216,0,1051,421
"Riley Lees","WR","N/A",216,216,0,1052,422
"K.J. Costello","QB","N/A",216,216,0,1053,133
"Tony Brown","WR","N/A",216,216,0,1054,423
"Alex McGough","QB","N/A",216,216,0,1055,134
"Kendall Blanton","TE","LA",216,216,0,1056,229
"Josh Pearson","WR","N/A",216,216,0,1057,424
"Alex Ellis","TE","ARI",216,216,0,1058,230
"Javorius Allen","RB","N/A",216,216,0,1059,271
"Tajae Sharpe","WR","ATL",216,216,0,1060,425
"Mason Kinsey","WR","TEN",216,216,0,1061,426
"Irvin Charles","WR","NYJ",216,216,0,1062,427
"T.J. Yeldon","RB","N/A",216,216,0,1063,272
"Antonio Nunn","WR","N/A",216,216,0,1064,428
"Clive Walford","TE","N/A",216,216,0,1065,231
"Shane Zylstra","TE","DET",216,216,0,1066,232
"Nate Becker","TE","N/A",216,216,0,1067,233
"Tyrell Williams","WR","N/A",216,216,0,1068,429
"Senorise Perry","RB","N/A",216,216,0,1069,273
"Johnny Holton","WR","N/A",216,216,0,1070,430
"Jake Fromm","QB","NYG",216,216,0,1071,135
"Cole Hikutini","TE","N/A",216,216,0,1072,234
"Ja-Maine Martin","RB","N/A",216,216,0,1073,274
"Jordan Reed","TE","N/A",216,216,0,1074,235
"LeVante Bellamy","RB","N/A",216,216,0,1075,275
"Travell Harris","WR","CLE",216,216,0,1076,431
"Jeremiah Haydel","WR","N/A",216,216,0,1077,432
"Duke Williams","WR","N/A",216,216,0,1078,433
"Trevor Siemian","QB","CHI",216,216,0,1079,136
"Nick Bowers","TE","LV",216,216,0,1080,236
"Josh Love","QB","N/A",216,216,0,1081,137
"Ronnie Rivers","RB","ARI",216,216,0,1082,276
"Temarrick Hemingway","TE","N/A",216,216,0,1083,237
"Greg Bell","RB","DET",216,216,0,1084,277
"Gary Jennings","WR","N/A",216,216,0,1085,434
"Justin Johnson","TE","N/A",216,216,0,1086,238
"Rodney Williams","TE","DEN",216,216,0,1087,239
"Drew Brees","QB","N/A",216,216,0,1088,138
"Ventell Bryant","WR","N/A",216,216,0,1089,435
"Taywan Taylor","WR","N/A",216,216,0,1090,436
"Josh Hill","TE","N/A",216,216,0,1091,240
"Whop Philyor","WR","N/A",216,216,0,1092,437
"Marcus Baugh","TE","N/A",216,216,0,1093,241
"Austin Proehl","WR","NYG",216,216,0,1094,438
"Kerrith Whyte","RB","N/A",216,216,0,1095,278
"Teagan Quitoriano","TE","HOU",216,216,0,1096,242
"Darece Roberson","WR","N/A",216,216,0,1097,439
"Jeremy Cox","RB","N/A",216,216,0,1098,279
"Josh Malone","WR","TEN",216,216,0,1099,440
"Lamar Miller","RB","N/A",216,216,0,1100,280
"CJ Marable","RB","N/A",216,216,0,1101,281
"Matt Lengel","TE","N/A",216,216,0,1102,243
"Stevie Scott","RB","N/A",216,216,0,1103,282
"Daniel Helm","TE","ATL",216,216,0,1104,244
"David Fluellen","RB","N/A",216,216,0,1105,283
"Jordan Matthews","TE","SF",216,216,0,1106,245
"De'Anthony Thomas","WR","N/A",216,216,0,1107,441
"Alex Bachman","WR","NYG",216,216,0,1108,442
"Henry Ruggs","WR","N/A",216,216,0,1109,443
"Jalen Morton","QB","N/A",216,216,0,1110,139
"Eli Wolf","TE","IND",216,216,0,1111,246
"Drew Stanton","QB","N/A",216,216,0,1112,140
"DeAndrew White","WR","N/A",216,216,0,1113,444
"Giovanni Ricci","RB","CAR",216,216,0,1114,284
"Wendell Smallwood","RB","N/A",216,216,0,1115,285
"Jake Hausmann","TE","NYG",216,216,0,1116,247
"Cole Kelley","QB","WAS",216,216,0,1117,141
"Rashid Shaheed","WR","NO",216,216,0,1118,445
"Harry Trotter","RB","N/A",216,216,0,1119,286
"Rodney Anderson","RB","N/A",216,216,0,1120,287
"Darius Bradwell","RB","CAR",216,216,0,1121,288
"Lance Lenoir","WR","N/A",216,216,0,1122,446
"Victor Bolden","WR","N/A",216,216,0,1123,447
"Shaun Beyer","TE","DEN",216,216,0,1124,248
"Bryce Watts","RB","PIT",216,216,0,1125,289
"Luke McCown","QB","N/A",216,216,0,1126,142
"Thomas Hennigan","WR","MIN",216,216,0,1127,448
"Jaleel Scott","WR","N/A",216,216,0,1128,449
"Tyler Eifert","TE","N/A",216,216,0,1129,249
"Rod Smith","RB","N/A",216,216,0,1130,290
"Scooter Harrington","TE","N/A",216,216,0,1131,250
"Khalil Tate","WR","N/A",216,216,0,1132,450
"Bilal Powell","RB","N/A",216,216,0,1133,291
"Taquan Mizzell","RB","N/A",216,216,0,1134,292
"DeShon Williams","TE","N/A",216,216,0,1135,251
"Antony Auclair","TE","HOU",216,216,0,1136,252
"Keshunn Abram","WR","NYJ",216,216,0,1137,451
"Danny Etling","QB","GB",216,216,0,1138,143
"Ben Beise","TE","TB",216,216,0,1139,253
"Erik Krommenhoek","TE","LAC",216,216,0,1140,254
"Kirk Merritt","WR","NO",216,216,0,1141,452
"Bo Scarbrough","RB","N/A",216,216,0,1142,293
"Wayne Gallman","RB","MIN",216,216,0,1143,294
"Blake Bortles","QB","N/A",216,216,0,1144,144
"Kurt Benkert","QB","GB",216,216,0,1145,145
"Josh Johnson","WR","DET",216,216,0,1146,453
"Alexander Hollins","WR","N/A",216,216,0,1147,454
"Andre Patton","WR","N/A",216,216,0,1148,455
"Bruce Miller","RB","N/A",216,216,0,1149,295
"Adrian Peterson","RB","SEA",216,216,0,1150,296
"Kwamie Kassiter","WR","CIN",216,216,0,1151,456
"Alex Tanney","QB","N/A",216,216,0,1152,146
"John Lovett","RB","CAR",216,216,0,1153,297
"Theo Riddick","RB","N/A",216,216,0,1154,298
"Dwayne Harris","WR","N/A",216,216,0,1155,457
"Gerrit Price","TE","JAX",216,216,0,1156,255
"Ben Braunecker","TE","N/A",216,216,0,1157,256
"Isaac Whitney","WR","N/A",216,216,0,1158,458
"Dez Bryant","WR","N/A",216,216,0,1159,459
"Patrick Carr","RB","N/A",216,216,0,1160,299
"Lawrence Cager","TE","NYJ",216,216,0,1161,257
"Robert Davis","WR","N/A",216,216,0,1162,460
"Jake Bargas","RB","MIN",216,216,0,1163,300
"Derrick Gore","RB","KC",216,216,0,1164,301
"Kevin White","WR","NO",216,216,0,1165,461
"Noah Togiai","TE","PHI",216,216,0,1166,258
"Isaiah Zuber","WR","N/A",216,216,0,1167,462
"Eric Dungey","QB","N/A",216,216,0,1168,147
"C.J. Prosise","RB","N/A",216,216,0,1169,302
"Artavis Scott","WR","N/A",216,216,0,1170,463
"Dan Vitale","RB","N/A",216,216,0,1171,303
"Greg Olsen","TE","N/A",216,216,0,1172,259
"Marcell Ateman","WR","N/A",216,216,0,1173,464
"Rico Gafford","WR","GB",216,216,0,1174,465
"Michael Dereus","WR","N/A",216,216,0,1175,466
"Alshon Jeffery","WR","N/A",216,216,0,1176,467
"Changa Hodges","WR","ARI",216,216,0,1177,468
"Kevin Rader","TE","PIT",216,216,0,1178,260
"Kyle Sloter","QB","N/A",216,216,0,1179,148
"Tay Martin","WR","SF",216,216,0,1180,469
"Jake Rudock","QB","N/A",216,216,0,1181,149
"Tyler Davis","TE","GB",216,216,0,1182,261
"Cody Core","WR","MIA",216,216,0,1183,470
"Deontay Burnett","WR","N/A",216,216,0,1184,471
"Antonio Callaway","WR","N/A",216,216,0,1185,472
"Binjimen Victor","WR","BAL",216,216,0,1186,473
"Josh Doctson","WR","N/A",216,216,0,1187,474
"Malik Williams","WR","BUF",216,216,0,1188,475
"Ryan Willis","QB","CHI",216,216,0,1189,150
"Josh Hammond","WR","JAX",216,216,0,1190,476
"Caleb Scott","WR","N/A",216,216,0,1191,477
"T.J. Logan","RB","N/A",216,216,0,1192,304
"Chris Rowland","WR","N/A",216,216,0,1193,478
"Kalil Pimpleton","WR","DET",216,216,0,1194,479
"Jason Cabinda","RB","DET",216,216,0,1195,305
"Austin Fort","TE","TEN",216,216,0,1196,262
"Brandon Smith","WR","DAL",216,216,0,1197,480
"Nate Wieting","TE","N/A",216,216,0,1198,263
"Tre Ford","QB","BAL",216,216,0,1199,151
"Joshua Perkins","TE","N/A",216,216,0,1200,264
"Brayden Lenius","TE","ATL",216,216,0,1201,265
"Kyric McGowan","WR","WAS",216,216,0,1202,481
"Tayon Fleet-Davis","RB","KC",216,216,0,1203,306
"Makai Polk","WR","BAL",216,216,0,1204,482
"JaQuan Hardy","RB","DAL",216,216,0,1205,307
"Cheyenne O'Grady","TE","N/A",216,216,0,1206,266
"Rodney Adams","WR","NYJ",216,216,0,1207,483
"Tyler Gaffney","RB","N/A",216,216,0,1208,308
"Alex Armah","RB","WAS",216,216,0,1209,309
"Jordan Veasy","WR","N/A",216,216,0,1210,484
"Jordan Thomas","TE","N/A",216,216,0,1211,267
"Hakeem Butler","TE","N/A",216,216,0,1212,268
"J.J. Nelson","WR","IND",216,216,0,1213,485
"Tim Boyle","QB","DET",216,216,0,1214,152
"Seth DeValve","TE","N/A",216,216,0,1215,269
"Cyrus Holder","WR","CHI",216,216,0,1216,486
"Codey McElroy","TE","TB",216,216,0,1217,270
"Caleb Wilson","TE","DEN",216,216,0,1218,271
"Shelton Gibson","WR","N/A",216,216,0,1219,487
"Troymaine Pope","RB","N/A",216,216,0,1220,310
"Bryce Perkins","QB","LA",216,216,0,1221,153
"Mason Schreck","TE","N/A",216,216,0,1222,272
"Roosevelt Nix","RB","N/A",216,216,0,1223,311
"Javon Leake","RB","N/A",216,216,0,1224,312
"Reggie Bonnafon","RB","WAS",216,216,0,1225,313
"Jason Moore","WR","LAC",216,216,0,1226,488
"Jordan Leggett","TE","N/A",216,216,0,1227,273
"Sandro Platzgummer","RB","NYG",216,216,0,1228,314
"Spencer Ware","RB","N/A",216,216,0,1229,315
"Bernhard Seikovits","TE","ARI",216,216,0,1230,274
"Kyle Trask","QB","TB",216,216,0,1231,154
"Nate Stanley","QB","N/A",216,216,0,1232,155
"Hunter Thedford","TE","N/A",216,216,0,1233,275
"Travis Benjamin","WR","SF",216,216,0,1234,489
"Krishawn Hogan","WR","N/A",216,216,0,1235,490
"John Brown","WR","N/A",216,216,0,1236,491
"Miller Forristall","TE","CLE",216,216,0,1237,276
"A.J. Rose","RB","MIN",216,216,0,1238,316
"Dexter Williams","RB","CLE",216,216,0,1239,317
"Travis Toivonen","WR","NYG",216,216,0,1240,492
"Samori Toure","WR","GB",216,216,0,1241,493
"Austin Watkins","WR","TB",216,216,0,1242,494
"Seth Roberts","WR","N/A",216,216,0,1243,495
"Josh Bellamy","WR","N/A",216,216,0,1244,496
"Racey McMath","WR","TEN",216,216,0,1245,497
"Dai'Jean Dixon","WR","NO",216,216,0,1246,498
"Tom Kennedy","WR","DET",216,216,0,1247,499
"Isaac Nauta","TE","N/A",216,216,0,1248,277
"Matt Bushman","TE","KC",216,216,0,1249,278
"Pharoh Cooper","WR","N/A",216,216,0,1250,500
"Michael Roberts","TE","N/A",216,216,0,1251,279
"Aca'Cedric Ware","RB","N/A",216,216,0,1252,318
"Artavis Pierce","RB","DEN",216,216,0,1253,319
"Tommy Stevens","QB","N/A",216,216,0,1254,156
"David Fales","QB","N/A",216,216,0,1255,157
"Damion Willis","WR","N/A",216,216,0,1256,501
"Darius Jennings","WR","N/A",216,216,0,1257,502
"Trey Edmunds","RB","PIT",216,216,0,1258,320
"Tre' McKitty","TE","LAC",216,216,0,1259,280
"Jalen Camp","WR","HOU",216,216,0,1260,503
"David Moore","WR","CHI",216,216,0,1261,504
"David Wells","TE","ARI",216,216,0,1262,281
"Michael Jacobson","TE","IND",216,216,0,1263,282
"Austin Mack","WR","SF",216,216,0,1264,505
"Robert Griffin","QB","N/A",216,216,0,1265,158
"Mikey Daniel","RB","N/A",216,216,0,1266,321
"Philip Rivers","QB","N/A",216,216,0,1267,159
"Bronson Kaufusi","TE","N/A",216,216,0,1268,283
"James Morgan","QB","IND",216,216,0,1269,160
"Neal Pau'u","WR","BUF",216,216,0,1270,506
"Jake Lampman","WR","N/A",216,216,0,1271,507
"Javon Wims","WR","CLE",216,216,0,1272,508
"Ben Roethlisberger","QB","N/A",216,216,0,1273,161
"Kerryon Johnson","RB","N/A",216,216,0,1274,322
"Jeff Heuerman","TE","N/A",216,216,0,1275,284
"Andrew Vollert","TE","N/A",216,216,0,1276,285
"Nick O'Leary","TE","N/A",216,216,0,1277,286
"Ra'Shaun Henry","WR","CAR",216,216,0,1278,509
"Tanner Conner","WR","MIA",216,216,0,1279,510
"Stephon Robinson","WR","ARI",216,216,0,1280,511
"Tony Brooks-James","RB","N/A",216,216,0,1281,323
"Nate Sudfeld","QB","SF",216,216,0,1282,162
"Cody Latimer","WR","N/A",216,216,0,1283,512
"Paul Perkins","RB","N/A",216,216,0,1284,324
"Dennis Houston","WR","DAL",216,216,0,1285,513
"Devin Gray","WR","N/A",216,216,0,1286,514
"Matt Moore","QB","N/A",216,216,0,1287,163
"Jake Butt","TE","N/A",216,216,0,1288,287
"Jake Burt","TE","N/A",216,216,0,1289,288
"Jason Vander Laan","TE","N/A",216,216,0,1290,289
"Pete Guerriero","RB","N/A",216,216,0,1291,325
"Cameron Scarlett","RB","N/A",216,216,0,1292,326
"Mark Vital","TE","KC",216,216,0,1293,290
"Devlin Hodges","QB","N/A",216,216,0,1294,164
"Jacques Patrick","RB","N/A",216,216,0,1295,327
"Ryan Switzer","WR","CLE",216,216,0,1296,515
"Kalija Lipscomb","WR","N/A",216,216,0,1297,516
"T.J. Simmons","WR","N/A",216,216,0,1298,517
"Chris Blair","WR","GB",216,216,0,1299,518
"EJ Perry","QB","PHI",216,216,0,1300,165
"Anthony Johnson","WR","N/A",216,216,0,1301,519
"Hunter Kampmoyer","TE","LAC",216,216,0,1302,291
"Otis Anderson","RB","N/A",216,216,0,1303,328
"Todd Gurley","RB","N/A",216,216,0,1304,329
"Seth Green","TE","HOU",216,216,0,1305,292
"Tommylee Lewis","WR","MIA",216,216,0,1306,520
"Landen Akers","WR","LA",216,216,0,1307,521
"Quintin Morris","TE","BUF",216,216,0,1308,293
"Adrian Killins","RB","N/A",216,216,0,1309,330
"Sage Surratt","WR","N/A",216,216,0,1310,522
"Kenji Bahar","QB","N/A",216,216,0,1311,166
"Alize Mack","TE","GB",216,216,0,1312,294
"Ty'Son Williams","RB","BAL",216,216,0,1313,331
"Trinity Benson","WR","DET",216,216,0,1314,523
"Parker Hesse","TE","ATL",216,216,0,1315,295
"Chad Williams","WR","N/A",216,216,0,1316,524
"Jon'Vea Johnson","WR","N/A",216,216,0,1317,525
"Anthony Brown","QB","BAL",216,216,0,1318,167
"Chris Finke","WR","N/A",216,216,0,1319,526
"Brian Lewerke","QB","NYG",216,216,0,1320,168
"Trishton Jackson","WR","MIN",216,216,0,1321,527
"Isaiah Wright","WR","N/A",216,216,0,1322,528
"Allen Hurns","WR","N/A",216,216,0,1323,529
"Derrick Willies","WR","N/A",216,216,0,1324,530
"LeSean McCoy","RB","N/A",216,216,0,1325,332
"Dax Raymond","TE","N/A",216,216,0,1326,296
"Jerell Adams","TE","N/A",216,216,0,1327,297
"Frank Gore","RB","N/A",216,216,0,1328,333
"Corey Coleman","WR","KC",216,216,0,1329,531
"Tarik Black","WR","NYJ",216,216,0,1330,532
"Isaiah Hodgins","WR","BUF",216,216,0,1331,533
"Anthony Gordon","QB","KC",216,216,0,1332,169
"Dylan Soehner","TE","NO",216,216,0,1333,298
"Omar Bayless","WR","N/A",216,216,0,1334,534
"Johnny Johnson","WR","HOU",216,216,0,1335,535
"Evan Baylis","TE","N/A",216,216,0,1336,299
"Derek Watt","RB","PIT",216,216,0,1337,334
"Devin Smith","WR","N/A",216,216,0,1338,536
"Johnny Stanton","RB","CLE",216,216,0,1339,335
"Devontres Dukes","WR","N/A",216,216,0,1340,537
"Fred Brown","WR","N/A",216,216,0,1341,538
